shape,hp_name,n_threads,kmp,catboost,lightgbm,sklearn main,sklearn pr34935,xgboost
medium_20k_x_20,fast_medium,4,0,0.0920337089337408,0.0427950830198824,0.1046776250004768,0.0630731668788939,0.0520758749917149
medium_20k_x_20,fast_medium,4,200,0.1298683329951018,0.0691887501161545,0.0817934579681605,0.0527961670886725,0.1129766670055687
medium_20k_x_20,fast_medium,10,0,0.1055274580139666,0.081631583161652,0.2544359168969095,0.0667972080409526,0.0886900839395821
medium_20k_x_20,fast_medium,10,200,0.1387808329891413,0.1119261670392006,0.0935480841435492,0.0983674160670489,0.0546465830411762
medium_20k_x_20,more_trees,4,0,0.4568212910089642,0.1509622079320252,0.5124665000475943,0.2132811669725924,0.2133016251027584
medium_20k_x_20,more_trees,4,200,0.4438411658629775,0.0992507089395076,0.1639097919687628,0.132457333849743,0.2957495842128992
medium_20k_x_20,more_trees,10,0,0.5959855830296874,0.3666491250041872,1.445900083053857,0.2600173749960959,0.4645293329376727
medium_20k_x_20,more_trees,10,200,0.4525282499380409,0.1949752909131348,0.4600489579606801,1.240063208155334,0.2194923751521855
medium_20k_x_20,tiny_stumps,4,0,0.0212117088958621,0.0202280420344322,0.0268880838993936,0.0224487918894737,0.0182492919266223
medium_20k_x_20,tiny_stumps,4,200,0.0529295001178979,0.0297744579147547,0.0390635409858077,0.0332155840005725,0.0288760419934988
medium_20k_x_20,tiny_stumps,10,0,0.0433483750093728,0.0189643341582268,0.0348813340533524,0.0258222920820117,0.0158659580629318
medium_20k_x_20,tiny_stumps,10,200,0.0922522919718176,0.0282892920076847,0.0207039581146091,0.050466249929741,0.0501356669701635
medium_20k_x_20,wide_boosted,4,0,1.0516010418068618,0.2957298341207206,1.0062381669413298,0.3595062920358032,0.450591083150357
medium_20k_x_20,wide_boosted,4,200,0.6973074171692133,0.1482508750632405,0.2367011250462383,0.3051252909936011,0.3871654579415917
medium_20k_x_20,wide_boosted,10,0,0.6576014999300241,0.6897224171552807,2.8677815420087427,0.7268421659246087,0.9671565419994296
medium_20k_x_20,wide_boosted,10,200,0.692030583973974,0.5272745410911739,0.5910124171059579,0.6726789160165936,0.7923927921801805
medium_50k_x_50,fast_medium,4,0,0.2789819170720875,0.1519949999637901,0.1993173330556601,0.2075197920203209,0.1552558341063559
medium_50k_x_50,fast_medium,4,200,0.3475607079453766,0.2157915420830249,0.1784789159428328,0.1853194579016417,0.380352082895115
medium_50k_x_50,fast_medium,10,0,0.2308864998631179,0.183926791884005,0.3089531247969717,0.2145191670861095,0.1818389170803129
medium_50k_x_50,fast_medium,10,200,0.2727713331114501,0.2740749581716954,0.1914866250008344,0.2189480839297175,0.205708916997537
medium_50k_x_50,more_trees,4,0,1.2072672920767218,0.6699004170950502,0.6966334169264883,0.8760951249860227,0.6019423331599683
medium_50k_x_50,more_trees,4,200,1.1465679588727653,0.4178147499915212,0.3767034579068422,0.736738207982853,0.7509553339332342
medium_50k_x_50,more_trees,10,0,0.9802742910105736,0.6447373749688268,1.603882540948689,0.8535200420301408,0.7984718750230968
medium_50k_x_50,more_trees,10,200,1.1764696249738336,0.9101118328981102,0.5725519589614123,2.4232726669870317,1.2589144590310752
medium_50k_x_50,tiny_stumps,4,0,0.0617281659506261,0.1040027919225394,0.0500399579759687,0.0895024160854518,0.0823737080208957
medium_50k_x_50,tiny_stumps,4,200,0.0895441251341253,0.1441839998587966,0.0629543750546872,0.0820120831485837,0.1505245000589639
medium_50k_x_50,tiny_stumps,10,0,0.0579329580068588,0.0795716249849647,0.06222949991934,0.0806671669706702,0.0494973750319331
medium_50k_x_50,tiny_stumps,10,200,0.0809648751746863,0.1377623341977596,0.0596447079442441,0.1476781668607145,0.1274941251613199
medium_50k_x_50,wide_boosted,4,0,1.757229832932353,0.6309902498032898,1.252197832800448,1.3401352500077337,0.9561828330624847
medium_50k_x_50,wide_boosted,4,200,1.897895040921867,0.556941790971905,0.5883142498787493,0.7601052911486477,1.1176947080530226
medium_50k_x_50,wide_boosted,10,0,1.5345195000991223,1.0359156669583172,3.2395427499432117,1.4222761658020318,1.2836400410160422
medium_50k_x_50,wide_boosted,10,200,1.6647665828932077,1.2925046670716256,1.1930413749068975,1.238217582926154,2.023629541043192
medium_wide_20k_x_100,fast_medium,4,0,0.2913997080177068,0.1471682500559836,0.172024916857481,0.2787091659847647,0.1850995409768074
medium_wide_20k_x_100,fast_medium,4,200,0.3462174169253558,0.1894612498581409,0.1350972920190543,0.1930369171313941,0.3800092909950763
medium_wide_20k_x_100,fast_medium,10,0,0.2270611668936908,0.190600958885625,0.3236681669950485,0.2888505838345736,0.1908387911971658
medium_wide_20k_x_100,fast_medium,10,200,0.2603299170732498,0.2642075419425964,0.1806307088118046,0.2097508751321584,0.3100702911615371
medium_wide_20k_x_100,more_trees,4,0,1.3589598750695586,0.456242874963209,0.7681476250290871,0.8692697498481721,0.7042899171356112
medium_wide_20k_x_100,more_trees,4,200,1.3964726668782532,0.4347197080496698,0.4737481670454144,0.6033028748352081,0.8348133331164718
medium_wide_20k_x_100,more_trees,10,0,1.118474500020966,0.6893361669499427,1.6075300420634449,0.9031040831469,0.8354360000230372
medium_wide_20k_x_100,more_trees,10,200,1.2799571671057492,1.1027074169833213,1.1567762079648674,0.9825692500453442,1.589064166881144
medium_wide_20k_x_100,tiny_stumps,4,0,0.0559847080148756,0.0857116670813411,0.0523062078282237,0.1146866660565137,0.0855279578827321
medium_wide_20k_x_100,tiny_stumps,4,200,0.0714677500072866,0.1189029579982161,0.0662764578592032,0.078697666991502,0.1001003750134259
medium_wide_20k_x_100,tiny_stumps,10,0,0.0429674999322742,0.0710645420476794,0.0599964580032974,0.1066855408716946,0.0434560000430792
medium_wide_20k_x_100,tiny_stumps,10,200,0.0536967089865356,0.1363394998479634,0.0528990840539336,0.1861605830490589,0.066991375060752
medium_wide_20k_x_100,wide_boosted,4,0,3.00686570815742,0.744970542145893,1.3671159581281245,1.4837382920086384,1.2325657499022782
medium_wide_20k_x_100,wide_boosted,4,200,2.751837208168581,0.6774192079901695,0.7191808340139687,1.0658869999460876,1.3638949589803817
medium_wide_20k_x_100,wide_boosted,10,0,2.0031829581130296,1.2914241659455,3.2465334159787744,1.4797688338439912,1.547989415936172
medium_wide_20k_x_100,wide_boosted,10,200,2.305602957960218,1.6936025831382722,1.7458281249273568,1.7159056668169796,2.705440207850188
small_5k_x_20,fast_medium,4,0,0.0544912090990692,0.0303019159473478,0.0986913749948144,0.0379931249190121,0.0453473329544067
small_5k_x_20,fast_medium,4,200,0.0865993329789489,0.0265318329911679,0.0552838749717921,0.0480701250489801,0.0383310408797115
small_5k_x_20,fast_medium,10,0,0.052681874949485,0.0695348749868571,0.262481709010899,0.039228375069797,0.083132250001654
small_5k_x_20,fast_medium,10,200,0.0702449998352676,0.0321917079854756,0.0830590000841766,0.0630114579107612,0.03254708298482
small_5k_x_20,more_trees,4,0,0.2510139171499759,0.1343532078899443,0.4514609170146286,0.1538553750142455,0.1926555840764194
small_5k_x_20,more_trees,4,200,0.3033175410237163,0.0571450830902904,0.0976657911669462,0.1931285420432686,0.1945317080244422
small_5k_x_20,more_trees,10,0,0.2374100831802934,0.3534131250344217,1.3477069169748574,0.1544604580849409,0.450676207896322
small_5k_x_20,more_trees,10,200,0.3174492500256747,0.1603461671620607,0.2067125830799341,0.4107095829676837,0.1723446669057011
small_5k_x_20,tiny_stumps,4,0,0.0099906669929623,0.0059382908511906,0.0221577500924468,0.0140639168675988,0.006591249955818
small_5k_x_20,tiny_stumps,4,200,0.0231741250026971,0.0073538331780582,0.0191637079697102,0.0149375419132411,0.0089512499980628
small_5k_x_20,tiny_stumps,10,0,0.0103931250050663,0.0085112920496612,0.033547000028193,0.0119670000858604,0.0102600420359522
small_5k_x_20,tiny_stumps,10,200,0.0340667921118438,0.0065128752030432,0.0178322079591453,0.0404052089434117,0.0099891659338027
small_5k_x_20,wide_boosted,4,0,0.4582709171809256,0.2544494997709989,0.8675513749476522,0.2425909170415252,0.377330457791686
small_5k_x_20,wide_boosted,4,200,0.5431340001523495,0.0836777091026306,0.1658551250584423,0.3855977919884026,0.2885782918892801
small_5k_x_20,wide_boosted,10,0,0.4522183330263942,0.682994875125587,2.919074541889131,0.2409939169883728,0.8987815829459578
small_5k_x_20,wide_boosted,10,200,0.5023687919601798,0.2745987500529736,0.7001696671359241,0.6652340409345925,0.3909099998418242
small_wide_2k_x_128,fast_medium,4,0,0.2260430830065161,0.0517822499386966,0.1330041671171784,0.1545333340764045,0.0936899590305984
small_wide_2k_x_128,fast_medium,4,200,0.2757504589390009,0.078092792071402,0.0968767090234905,0.1314726669806987,0.1916383749339729
small_wide_2k_x_128,fast_medium,10,0,0.1756255410145968,0.0909535000100731,0.3037117500789463,0.1326833751518279,0.1231936658732593
small_wide_2k_x_128,fast_medium,10,200,0.1996483330149203,0.1032187091186642,0.1629165410995483,0.1251568750012666,0.2360599590465426
small_wide_2k_x_128,more_trees,4,0,1.170050417073071,0.2390369581989944,0.5675242920406163,0.4594554167706519,0.4901934580411762
small_wide_2k_x_128,more_trees,4,200,1.3576726668979973,0.2438141249585896,0.2661265418864786,0.4720515829976648,0.6738016249146312
small_wide_2k_x_128,more_trees,10,0,0.9057602498214692,0.4248275000136345,1.4170431250240654,0.474473999813199,0.6597257498651743
small_wide_2k_x_128,more_trees,10,200,1.0627289589028803,0.3460828748065978,0.5570770411286503,0.6572802080772817,0.8725464581511915
small_wide_2k_x_128,tiny_stumps,4,0,0.0282511250115931,0.0126238330267369,0.038060582941398,0.0382147498894482,0.0133105420973151
small_wide_2k_x_128,tiny_stumps,4,200,0.0696758339181542,0.0204485000576823,0.0457890830002725,0.0484550420660525,0.022877916926518
small_wide_2k_x_128,tiny_stumps,10,0,0.0177651660051196,0.0155533328652381,0.0551519999280571,0.0390005419030785,0.0155081660486757
small_wide_2k_x_128,tiny_stumps,10,200,0.0711483750492334,0.0249126248527318,0.052596041932702,0.063594875158742,0.0191812089178711
small_wide_2k_x_128,wide_boosted,4,0,2.5629913341253996,0.3564058342017233,0.9684075829572976,0.6453527079429477,1.0147507498040795
small_wide_2k_x_128,wide_boosted,4,200,3.006591459037736,0.3006262080743909,0.3749725830275565,0.5281261669006199,1.1815105839632452
small_wide_2k_x_128,wide_boosted,10,0,1.860312709119171,0.7249365411698818,2.566618249984458,0.6372602910269052,1.3843738751020285
small_wide_2k_x_128,wide_boosted,10,200,1.989706041989848,0.8704393750522286,0.7676003749947995,9.7091880410444,3.355543707963079
tiny_1k_x_10,fast_medium,4,0,0.0232466249726712,0.0261302918661385,0.0828598749358207,0.0160668329335749,0.0511184581555426
tiny_1k_x_10,fast_medium,4,200,0.048280417220667,0.0454759169369936,0.0415717498399317,0.0299388749990612,0.0203218329697847
tiny_1k_x_10,fast_medium,10,0,0.0258189169690012,0.0599396249745041,0.2262715001124888,0.0146217499859631,0.0579973340500146
tiny_1k_x_10,fast_medium,10,200,0.0688682091422379,0.0389245001133531,0.0374773340299725,0.0295860418118536,0.0210485830903053
tiny_1k_x_10,more_trees,4,0,0.1138179581612348,0.0999244998674839,0.355725625064224,0.048032792052254,0.1586623329203575
tiny_1k_x_10,more_trees,4,200,0.1468992498703301,0.0559512909967452,0.1191844579298049,0.0900262917857617,0.0896947090514004
tiny_1k_x_10,more_trees,10,0,0.1216900830622762,0.2962990410160273,1.084476290969178,0.0474683328066021,0.420919916126877
tiny_1k_x_10,more_trees,10,200,0.1472632079385221,0.0605807919055223,0.1591678750701248,0.0937940408475697,0.0947318749967962
tiny_1k_x_10,tiny_stumps,4,0,0.0032864578533917,0.0025465420912951,0.0536336251534521,0.0058402910362929,0.0036711250431835
tiny_1k_x_10,tiny_stumps,4,200,0.0092368749901652,0.0040759998373687,0.0418571250047534,0.0054374581668525,0.008531583007425
tiny_1k_x_10,tiny_stumps,10,0,0.0032039592042565,0.0065054590813815,0.0306272089947015,0.0064425840973854,0.0083666250575333
tiny_1k_x_10,tiny_stumps,10,200,0.007324333069846,0.003177624894306,0.0343482908792793,0.0104186669923365,0.0025137087795883
tiny_1k_x_10,wide_boosted,4,0,0.2179368329234421,0.1389814999420195,0.4544038749299943,0.0580291249789297,0.3155162499751895
tiny_1k_x_10,wide_boosted,4,200,0.2770679998211562,0.0327584161423146,0.0878759170882403,0.1087507079355418,0.2603396668564528
tiny_1k_x_10,wide_boosted,10,0,0.2780609999317676,0.4040348751004785,1.3512481660582123,0.0607570421416312,0.8957091250922531
tiny_1k_x_10,wide_boosted,10,200,0.2878309169318527,0.1145335419569164,0.1853767919819802,0.1133550000376999,0.1902482500299811
