family,setup,n_train,n_test,seed,coverage,mean_width,median_width,width_cv,crossing_rate,pinball_low,pinball_high,winkler,mae_low_oracle,mae_high_oracle,width_oracle_spearman,interval_score_sum_pinball,max_depth,max_features,min_samples_leaf,n_estimators,fit_predict_s,learning_rate,subsample,l2_regularization,max_iter,low_subsample,low_n_estimators,low_min_samples_split,low_min_samples_leaf,low_max_depth,low_learning_rate,high_subsample,high_n_estimators,high_min_samples_split,high_min_samples_leaf,high_max_depth,high_learning_rate
constant_marginal,n1k_seed0,750,250,0,0.888,12.446008686012764,12.446008686012766,1.4272502006176777e-16,0.0,0.32806191066497065,0.5314151512119397,17.189541237538197,4.892289174651841,4.882900423669078,0.0,0.8594770618769103,,,,,,,,,,,,,,,,,,,,,
oracle,n1k_seed0,750,250,0,0.94,5.730800185370862,5.197017857426303,0.49129600040710725,0.0,0.07447705906863729,0.3568145750655621,8.62583268268398,0.0,0.0,0.9999999999999998,0.43129163413419935,,,,,,,,,,,,,,,,,,,,,
RandomForest,n1k_seed0,750,250,0,0.0,0.0,0.0,0.0,0.0,1.2341977649950326,0.7677225672182398,40.038406644265415,1.9889130565222939,4.30252444124009,0.0,2.0019203322132726,,1.0,1.0,200.0,0.8471994800000289,,,,,,,,,,,,,,,,
RandomForest,n1k_seed0,750,250,0,0.68,4.9942762274112065,3.360326268468618,1.0039748234414465,0.0,0.11190673654231381,0.4186404382650484,10.610943496147236,0.28188348053601164,2.648545591758384,0.7314926568197045,0.5305471748073622,,1.0,5.0,200.0,0.6492498600000545,,,,,,,,,,,,,,,,
RandomForest,n1k_seed0,750,250,0,0.832,6.54652588140733,5.586957168411482,0.8562512746170717,0.0,0.08704552640513992,0.40563657019840016,9.853641932070794,0.20947774350365472,2.6044220005013776,0.7863289874600478,0.49268209660354007,,1.0,9.0,200.0,0.6051821980000227,,,,,,,,,,,,,,,,
RandomForest,n1k_seed0,750,250,0,0.928,7.471213611702447,6.811657243030467,0.7243140401267701,0.0,0.0908295483251541,0.4073737609850522,9.964066186204116,0.39207543816409995,2.2136615174096255,0.8824702606484545,0.4982033093102063,,1.0,20.0,200.0,0.518113062999987,,,,,,,,,,,,,,,,
RandomForest,n1k_seed0,750,250,0,0.94,7.4578224655145675,6.785461807373311,0.5919073013951269,0.0,0.10780770145404853,0.38884467736555633,9.93304757639209,0.7142094691442434,1.627696269712949,0.9347625415589251,0.4966523788196049,,1.0,30.0,200.0,0.47586737900002163,,,,,,,,,,,,,,,,
RandomForest,n1k_seed0,750,250,0,0.952,8.026932506550695,7.241315724267375,0.6254459747805082,0.0,0.1384105763226851,0.3886289694697322,10.540790915848339,1.3138903211987285,1.616118887757788,0.9576635532229724,0.5270395457924173,,1.0,50.0,200.0,0.4261637679999808,,,,,,,,,,,,,,,,
RandomForest,n1k_seed0,750,250,0,0.936,8.774037802570085,7.211272942567685,0.6492436128926529,0.0,0.19130470172761402,0.3793676109142337,11.413446252836948,2.3896071591311823,2.0534093812780894,0.8416028367803404,0.5706723126418477,3.0,1.0,1.0,200.0,0.414722103000031,,,,,,,,,,,,,,,,
RandomForest,n1k_seed0,750,250,0,0.94,9.12104064668873,7.209720243669182,0.698922515589077,0.0,0.1916320110882935,0.3956816592927682,11.74627340762123,2.39011736433864,2.3644165351418467,0.8426814993908454,0.5873136703810617,3.0,1.0,5.0,200.0,0.4154855769999699,,,,,,,,,,,,,,,,
RandomForest,n1k_seed0,750,250,0,0.94,9.251035121670167,7.233038722760123,0.7087892526276849,0.0,0.19097667836752655,0.40151011701568834,11.849735907664293,2.379637694673583,2.4339762880902507,0.845511618071781,0.5924867953832149,3.0,1.0,9.0,200.0,0.4159252199999628,,,,,,,,,,,,,,,,
RandomForest,n1k_seed0,750,250,0,0.948,9.365109647879116,7.9187680836000585,0.6914986351502732,0.0,0.18628029869107063,0.40631227329994046,11.851851439820214,2.2917270157312384,2.290260525516027,0.9270767862105721,0.5925925719910111,3.0,1.0,20.0,200.0,0.422593403999997,,,,,,,,,,,,,,,,
RandomForest,n1k_seed0,750,250,0,0.944,9.116347980555329,7.3623868292791705,0.6199378971429895,0.0,0.18984046674141353,0.389535166471289,11.587512664254046,2.3327438051312472,1.7099877397071854,0.957749357802108,0.5793756332127025,3.0,1.0,30.0,200.0,0.4119320820000212,,,,,,,,,,,,,,,,
RandomForest,n1k_seed0,750,250,0,0.948,9.301966357741222,7.363653271229141,0.6172020683711202,0.0,0.19984695268016583,0.39139245461661143,11.824788145935537,2.5301338011856487,1.7230572985842574,0.9763399723388055,0.5912394072967773,3.0,1.0,50.0,200.0,0.4052018309999994,,,,,,,,,,,,,,,,
RandomForest,n1k_seed0,750,250,0,0.764,5.497629151105959,4.532173509215758,0.716792496655349,0.0,0.20514892009937324,0.36913463874711,11.485671176929657,1.2239227685913971,1.7009717461582594,0.7382731543290999,0.5742835588464832,6.0,1.0,1.0,200.0,0.5527542479999852,,,,,,,,,,,,,,,,
RandomForest,n1k_seed0,750,250,0,0.816,6.650859765089947,5.129332618819878,0.779484425492381,0.0,0.13557760403449481,0.38076202098278306,10.326792500345553,1.1035340606839323,1.9697469591162717,0.8481251837411284,0.5163396250172778,6.0,1.0,5.0,200.0,0.5450299319999772,,,,,,,,,,,,,,,,
RandomForest,n1k_seed0,750,250,0,0.876,7.4593921926446205,6.345428107847143,0.7738595342960911,0.0,0.12706912058441563,0.3912508212071459,10.366398835831223,1.056427192130348,2.3210987051964374,0.8614293436113982,0.5183199417915615,6.0,1.0,9.0,200.0,0.5298873630000003,,,,,,,,,,,,,,,,
RandomForest,n1k_seed0,750,250,0,0.932,7.911165179708889,7.785298727459112,0.7089920458207999,0.0,0.11196397645968353,0.4048617915786539,10.33651536076674,0.8187731125407686,2.1937687994040553,0.9235945926332457,0.5168257680383375,6.0,1.0,20.0,200.0,0.4991342249999775,,,,,,,,,,,,,,,,
RandomForest,n1k_seed0,750,250,0,0.94,7.502644451587903,7.093461856301353,0.5892034809360458,0.0,0.11000988081747627,0.3888196651270611,9.976590918890741,0.7584540717025421,1.6273811550509012,0.9405349739694003,0.4988295459445374,6.0,1.0,30.0,200.0,0.472978855000008,,,,,,,,,,,,,,,,
RandomForest,n1k_seed0,750,250,0,0.952,8.026932506550695,7.241315724267375,0.6254459747805082,0.0,0.1384105763226851,0.3886289694697322,10.540790915848339,1.3138903211987285,1.616118887757788,0.9576635532229724,0.5270395457924173,6.0,1.0,50.0,200.0,0.4256141889999867,,,,,,,,,,,,,,,,
RandomForest,n1k_seed0,750,250,0,0.256,1.074196037908798,0.6311408540041301,1.1257576930002606,0.0,0.9379433043395818,0.6183635953731946,31.1261379942555,1.5529123086898642,3.8558861704069143,0.23279110744994833,1.5563068997127765,12.0,1.0,1.0,200.0,0.7466033559999801,,,,,,,,,,,,,,,,
RandomForest,n1k_seed0,750,250,0,0.7,5.099774242625284,3.4564726000288184,0.9879577872778387,0.0,0.11392095914296371,0.4162734426605709,10.603888036070686,0.3382245284654315,2.6304154217606057,0.7449874525565515,0.5301944018035346,12.0,1.0,5.0,200.0,0.6368516600000476,,,,,,,,,,,,,,,,
RandomForest,n1k_seed0,750,250,0,0.832,6.594648106774722,5.576700173869887,0.8537792665217768,0.0,0.08977841346611425,0.40563827930400076,9.908333855402294,0.2589780859315079,2.603915548695113,0.7908741129800626,0.495416692770115,12.0,1.0,9.0,200.0,0.5924308939999605,,,,,,,,,,,,,,,,
RandomForest,n1k_seed0,750,250,0,0.928,7.471213611702447,6.811657243030467,0.7243140401267701,0.0,0.0908295483251541,0.4073737609850522,9.964066186204116,0.39207543816409995,2.2136615174096255,0.8824702606484545,0.4982033093102063,12.0,1.0,20.0,200.0,0.515382437000028,,,,,,,,,,,,,,,,
RandomForest,n1k_seed0,750,250,0,0.94,7.4578224655145675,6.785461807373311,0.5919073013951269,0.0,0.10780770145404853,0.38884467736555633,9.93304757639209,0.7142094691442434,1.627696269712949,0.9347625415589251,0.4966523788196049,12.0,1.0,30.0,200.0,0.4803455850000091,,,,,,,,,,,,,,,,
RandomForest,n1k_seed0,750,250,0,0.952,8.026932506550695,7.241315724267375,0.6254459747805082,0.0,0.1384105763226851,0.3886289694697322,10.540790915848339,1.3138903211987285,1.616118887757788,0.9576635532229724,0.5270395457924173,12.0,1.0,50.0,200.0,0.4245756329999608,,,,,,,,,,,,,,,,
ExtraTrees,n1k_seed0,750,250,0,0.004,0.011467726140404689,0.0,2.086426391403922,0.024,1.2657760520539074,0.787083469677027,41.05719043461865,1.997092678270018,4.472946726913572,0.742519881537599,2.0528595217309347,,1.0,1.0,200.0,1.0811686330000043,,,,,,,,,,,,,,,,
ExtraTrees,n1k_seed0,750,250,0,0.964,8.499168085541315,8.752758252618552,0.49951301088128,0.0,0.13905816980308125,0.38317102970460276,10.444583990153673,1.3215260465450835,1.9083240224357405,0.9260897547686828,0.522229199507684,,1.0,9.0,200.0,0.5875048920000268,,,,,,,,,,,,,,,,
ExtraTrees,n1k_seed0,750,250,0,0.96,8.690509917933744,9.373224242062165,0.3830482251479855,0.0,0.17957911243249874,0.37539097215488476,11.099401691747664,2.104384258504923,1.741527455032107,0.9672897816007715,0.5549700845873835,,1.0,20.0,200.0,0.4866597479999655,,,,,,,,,,,,,,,,
ExtraTrees,n1k_seed0,750,250,0,0.96,9.579745304563833,10.330060239153038,0.3281080881455274,0.0,0.22277490402519373,0.38377771264731236,12.131052333450114,2.94865277057977,2.22604355062373,0.9893370462505311,0.6065526166725062,,1.0,40.0,200.0,0.3990488800000094,,,,,,,,,,,,,,,,
ExtraTrees,n1k_seed0,750,250,0,0.944,7.411749715374024,7.736718520637727,0.5293674231392669,0.0,0.1223315448089048,0.35927126172084867,9.632056130595064,0.8841349561717674,1.7607878220229711,0.8679394176084103,0.48160280652975346,6.0,1.0,1.0,200.0,0.6708979069999828,,,,,,,,,,,,,,,,
ExtraTrees,n1k_seed0,750,250,0,0.968,8.485785250308568,8.935425757939857,0.4641461970550341,0.0,0.14804973367386867,0.37887550991962404,10.538504871869849,1.5026904674771837,1.7717773574479156,0.9321006937768528,0.5269252435934927,6.0,1.0,9.0,200.0,0.5527852650000113,,,,,,,,,,,,,,,,
ExtraTrees,n1k_seed0,750,250,0,0.964,8.770101777003624,9.613302298759699,0.38072170108942793,0.0,0.18344336879732992,0.374393681131377,11.156740998574131,2.18051146188055,1.7396440870012189,0.9716317572594381,0.5578370499287069,6.0,1.0,20.0,200.0,0.48020932599996513,,,,,,,,,,,,,,,,
ExtraTrees,n1k_seed0,750,250,0,0.96,9.586942539893924,10.359270663385086,0.328152276992011,0.0,0.2228926614666762,0.3840636910108582,12.13912704955068,2.951121338252884,2.22271112948738,0.9888884838372092,0.6069563524775343,6.0,1.0,40.0,200.0,0.39746921099998644,,,,,,,,,,,,,,,,
ExtraTrees,n1k_seed0,750,250,0,0.336,2.220486780507515,1.650195960242162,0.8422745077752796,0.0,0.7278206877993837,0.48966125818953127,24.34963891977828,1.26880698092286,3.1788186339463764,0.6170688075781436,1.217481945988915,12.0,1.0,1.0,200.0,0.9748236699999779,,,,,,,,,,,,,,,,
ExtraTrees,n1k_seed0,750,250,0,0.964,8.500159158474256,8.767775321830248,0.4990637026814713,0.0,0.1389385935596961,0.38308257222646597,10.440423315723233,1.3200983182916368,1.9058208407437838,0.9259970312439743,0.5220211657861621,12.0,1.0,9.0,200.0,0.590132752000045,,,,,,,,,,,,,,,,
ExtraTrees,n1k_seed0,750,250,0,0.96,8.690509917933744,9.373224242062165,0.3830482251479855,0.0,0.17957911243249874,0.37539097215488476,11.099401691747664,2.104384258504923,1.741527455032107,0.9672897816007715,0.5549700845873835,12.0,1.0,20.0,200.0,0.48559826599995404,,,,,,,,,,,,,,,,
ExtraTrees,n1k_seed0,750,250,0,0.96,9.579745304563833,10.330060239153038,0.3281080881455274,0.0,0.22277490402519373,0.38377771264731236,12.131052333450114,2.94865277057977,2.22604355062373,0.9893370462505311,0.6065526166725062,12.0,1.0,40.0,200.0,0.40054593000002114,,,,,,,,,,,,,,,,
GradientBoosting,n1k_seed0,750,250,0,0.872,7.368426245919593,7.242373955120981,0.677865701229413,0.0,0.14988856591057484,0.3748156635709906,10.494084589631303,1.3621771263937685,2.39433492678866,0.8336598895270616,0.5247042294815655,2.0,,5.0,200.0,0.33931671400000596,0.05,1.0,,,,,,,,,,,,,,
GradientBoosting,n1k_seed0,750,250,0,0.88,7.202885101500351,7.011320144321969,0.6908395480406097,0.0,0.15035634412448132,0.3790114701195094,10.58735628487981,1.3289830253098163,2.358168005522766,0.8132190553956568,0.5293678142439907,2.0,,5.0,200.0,0.34926983399998335,0.05,0.8,,,,,,,,,,,,,,
GradientBoosting,n1k_seed0,750,250,0,0.868,6.926689826922262,7.0530610135872465,0.5023704085354267,0.0,0.14420443940681335,0.3579562624961286,10.043214038058833,1.2025136723203005,2.0155064451951747,0.8426009131679657,0.5021607019029419,2.0,,9.0,200.0,0.32467490499999485,0.05,1.0,,,,,,,,,,,,,,
GradientBoosting,n1k_seed0,750,250,0,0.868,6.912323892868431,6.676484737862031,0.5759923067549777,0.0,0.14660194029855825,0.36556924936466717,10.243423793264501,1.236860665058169,1.99003282469526,0.8299473073286346,0.5121711896632254,2.0,,9.0,200.0,0.3477050399999939,0.05,0.8,,,,,,,,,,,,,,
GradientBoosting,n1k_seed0,750,250,0,0.868,7.192405325036196,6.730016126964667,0.5400903810802509,0.0,0.14565382575108185,0.3661259070358561,10.235594655738753,1.2477826995441506,2.1986993278897726,0.8163932693293736,0.511779732786938,2.0,,20.0,200.0,0.31742510300000504,0.05,1.0,,,,,,,,,,,,,,
GradientBoosting,n1k_seed0,750,250,0,0.844,7.219535849443399,6.6376988716535035,0.5874620212733949,0.0,0.14530511645864164,0.36811802665728455,10.268462862318517,1.2046350195643778,1.9340672171946038,0.8670324172704978,0.5134231431159262,2.0,,20.0,200.0,0.339050321000002,0.05,0.8,,,,,,,,,,,,,,
GradientBoosting,n1k_seed0,750,250,0,0.864,6.486342954003614,6.6788294853003025,0.4751316328351849,0.0,0.1355044371514922,0.34315340467848054,9.57315683659945,1.095910586479873,1.717779589207764,0.7974283589673308,0.47865784182997273,2.0,,40.0,200.0,0.3140756810000198,0.05,1.0,,,,,,,,,,,,,,
GradientBoosting,n1k_seed0,750,250,0,0.852,6.467034120436312,6.686725895872894,0.46594909816081875,0.0,0.13776208287491792,0.35529706320146,9.861182921527552,1.0775429313756006,1.5053248239829025,0.9069782827607078,0.4930591460763779,2.0,,40.0,200.0,0.3389010729999882,0.05,0.8,,,,,,,,,,,,,,
GradientBoosting,n1k_seed0,750,250,0,0.844,6.507731478474044,6.783198588807661,0.6958917891391625,0.0,0.12123233936464348,0.3871356087858019,10.167358963008901,0.720383501903532,2.432008970845979,0.7508758810917247,0.5083679481504454,3.0,,5.0,200.0,0.41727620699998624,0.05,1.0,,,,,,,,,,,,,,
GradientBoosting,n1k_seed0,750,250,0,0.828,6.713427576093309,6.37172499469802,0.7564909799001464,0.0,0.13077440863144363,0.38070652818711337,10.229618736371133,0.865931415158959,2.465045057521948,0.7648896818156833,0.511480936818557,3.0,,5.0,200.0,0.4413171300000158,0.05,0.8,,,,,,,,,,,,,,
GradientBoosting,n1k_seed0,750,250,0,0.84,6.461706187088874,6.644826542178496,0.5951102514085689,0.0,0.11297499251903968,0.3815914232970173,9.89132831632113,0.5371770763926205,2.4369366451190455,0.6972137151086171,0.494566415816057,3.0,,9.0,200.0,0.41492871499997364,0.05,1.0,,,,,,,,,,,,,,
GradientBoosting,n1k_seed0,750,250,0,0.82,6.714004951150705,6.2742726567316005,0.6516074990681598,0.0,0.129907147081476,0.39489102695214445,10.4959634806724,0.8496455113859367,2.2624561251767434,0.7994064247263286,0.5247981740336205,3.0,,9.0,200.0,0.4354167559999951,0.05,0.8,,,,,,,,,,,,,,
GradientBoosting,n1k_seed0,750,250,0,0.828,6.517808529895172,6.179024728859309,0.6116306976315286,0.0,0.11923933089802596,0.38209768498405566,10.026740317641625,0.6612745720099517,2.250558915035674,0.7650176573313753,0.5013370158820816,3.0,,20.0,200.0,0.4011231029999749,0.05,1.0,,,,,,,,,,,,,,
GradientBoosting,n1k_seed0,750,250,0,0.832,6.7779121958474295,6.327843805569806,0.6913767008993367,0.0,0.12218874961514664,0.3694467188029449,9.832709368361822,0.7336954313685982,2.318831588108992,0.811699764438142,0.4916354684180915,3.0,,20.0,200.0,0.42316030500001034,0.05,0.8,,,,,,,,,,,,,,
GradientBoosting,n1k_seed0,750,250,0,0.848,5.976023526126377,6.654165954221525,0.48116702079169055,0.0,0.11641018369117094,0.3439706930341679,9.20761753450677,0.6659831326134942,1.670322243310403,0.7962025452273036,0.46038087672533884,3.0,,40.0,200.0,0.3891467990000024,0.05,1.0,,,,,,,,,,,,,,
GradientBoosting,n1k_seed0,750,250,0,0.836,6.009368538487863,6.157601201813987,0.48495877486445305,0.0,0.11499920137857206,0.3456243847327938,9.21247172222731,0.6658367971010314,1.4984895920397543,0.8813433664163403,0.46062358611136583,3.0,,40.0,200.0,0.41585275400001365,0.05,0.8,,,,,,,,,,,,,,
GradientBoosting,n1k_seed0,750,250,0,0.804,6.3837288505245064,5.62140055331929,0.9498535409926168,0.0,0.10800507148979906,0.39606810200953674,10.081463469986707,0.33522063366370985,2.975048898060178,0.6317879490386312,0.5040731734993358,5.0,,5.0,200.0,0.6211723189999816,0.05,1.0,,,,,,,,,,,,,,
GradientBoosting,n1k_seed0,750,250,0,0.78,6.241816955010763,5.247828033705291,0.9065381311526667,0.0,0.11070100015576588,0.388791719237631,9.989854387867933,0.4152578445022769,2.64401428157192,0.7160346718168653,0.4994927193933969,5.0,,5.0,200.0,0.6464513290000014,0.05,0.8,,,,,,,,,,,,,,
GradientBoosting,n1k_seed0,750,250,0,0.76,6.213327264864744,5.40813769362633,0.7928350947868247,0.0,0.10905110636846824,0.4174335952114893,10.529694031599144,0.37607751849011833,2.9578262497299246,0.636546581201112,0.5264847015799575,5.0,,9.0,200.0,0.5858152129999894,0.05,1.0,,,,,,,,,,,,,,
GradientBoosting,n1k_seed0,750,250,0,0.772,6.7892298746070905,5.290817275423353,0.8802296792590305,0.0,0.11013673237472069,0.41303768706224964,10.4634883887394,0.4266843033336893,2.677695167252612,0.7796679751492221,0.5231744194369703,5.0,,9.0,200.0,0.6297087280000255,0.05,0.8,,,,,,,,,,,,,,
GradientBoosting,n1k_seed0,750,250,0,0.772,5.8198203523732115,5.401438091746096,0.670859135510201,0.0,0.10848813032227453,0.3936171932997673,10.042106472440828,0.3781922601602181,2.3045901519579264,0.6365064313162088,0.5021053236220419,5.0,,20.0,200.0,0.5698026430000027,0.05,1.0,,,,,,,,,,,,,,
GradientBoosting,n1k_seed0,750,250,0,0.768,6.482391712097893,5.2831689062276785,0.8774931815539241,0.0,0.10940297635731627,0.39601965837395564,10.108452694625432,0.42985804998438765,2.6709702996030606,0.7821955717679441,0.5054226347312719,5.0,,20.0,200.0,0.5886480429999779,0.05,0.8,,,,,,,,,,,,,,
GradientBoosting,n1k_seed0,750,250,0,0.816,5.5567600925536444,6.0513473743128605,0.49381410367216216,0.0,0.10432124666627705,0.35087334228818073,9.103891779089146,0.38806082620017324,1.7199685853462896,0.7643559100040185,0.4551945889544578,5.0,,40.0,200.0,0.5268878900000118,0.05,1.0,,,,,,,,,,,,,,
GradientBoosting,n1k_seed0,750,250,0,0.836,5.86653912741595,5.86034940808352,0.558619457338541,0.0,0.10895804847015174,0.34184309450339884,9.016022859471002,0.519493180557081,1.5776173034167549,0.8698046227125628,0.45080114297355056,5.0,,40.0,200.0,0.5234792539999944,0.05,0.8,,,,,,,,,,,,,,
GradientBoosting,n1k_seed0,750,250,0,0.832,6.388464224882418,6.870131505177225,0.7377536961599397,0.0,0.10892110240040868,0.3782468812966818,9.743359673941802,0.458296131654335,2.4752821976832298,0.6229019597828489,0.4871679836970905,2.0,,5.0,200.0,0.31720000199999276,0.1,1.0,,,,,,,,,,,,,,
GradientBoosting,n1k_seed0,750,250,0,0.804,6.009462738776836,5.870835687260794,0.762317336871685,0.0,0.1082641927715224,0.37759596263176104,9.717203108065663,0.4336762220095746,2.3800345379057446,0.6971347645028878,0.4858601554032834,2.0,,5.0,200.0,0.3488267749999636,0.1,0.8,,,,,,,,,,,,,,
GradientBoosting,n1k_seed0,750,250,0,0.816,5.981970539206863,6.23506289642866,0.5370716832839432,0.0,0.11030872872698647,0.35704275140956987,9.34702960273112,0.3651134634308927,1.914777919041304,0.7243827624437035,0.46735148013655636,2.0,,9.0,200.0,0.32478362000000516,0.1,1.0,,,,,,,,,,,,,,
GradientBoosting,n1k_seed0,750,250,0,0.788,5.601713246494511,5.534353333164122,0.6245486905995632,0.0,0.1098702596123323,0.35952949514411603,9.387995095128959,0.4056669369226399,2.1594704009673262,0.6749004248054811,0.46939975475644835,2.0,,9.0,200.0,0.34874552500002665,0.1,0.8,,,,,,,,,,,,,,
GradientBoosting,n1k_seed0,750,250,0,0.808,6.079979164074707,6.235479612504214,0.5968673683507241,0.0,0.10879108688234897,0.3660158182263204,9.49613810217338,0.35859303180269986,1.9954576835597757,0.7461388229736753,0.47480690510866935,2.0,,20.0,200.0,0.32554580300001135,0.1,1.0,,,,,,,,,,,,,,
GradientBoosting,n1k_seed0,750,250,0,0.8,6.485850332566797,5.9325652724404705,0.7200818812984323,0.0,0.10702688156165438,0.3605726793145229,9.35199121752354,0.430470659110709,2.3637167839644855,0.7731714455701514,0.46759956087617727,2.0,,20.0,200.0,0.3446413629999938,0.1,0.8,,,,,,,,,,,,,,
GradientBoosting,n1k_seed0,750,250,0,0.816,5.761490496152127,6.135351462108222,0.4731685801819308,0.0,0.10715565516174462,0.3463011091078605,9.069135285392095,0.4056640089367286,1.6952950498629926,0.7624475622722533,0.45345676426960513,2.0,,40.0,200.0,0.3209950700000377,0.1,1.0,,,,,,,,,,,,,,
GradientBoosting,n1k_seed0,750,250,0,0.828,5.675448338157235,5.828823495106689,0.5081346328663472,0.0,0.10897641756482196,0.3499000653764688,9.177529658825808,0.5116669378409368,1.6134445709816574,0.8294734332928205,0.45887648294129074,2.0,,40.0,200.0,0.34311769400000003,0.1,0.8,,,,,,,,,,,,,,
GradientBoosting,n1k_seed0,750,250,0,0.816,6.020195637395354,5.8855191140145795,0.767826085596266,0.0,0.10576818297128397,0.38042816102154253,9.723926879856522,0.2998176911048645,2.455088804489158,0.6296322162359672,0.4861963439928265,3.0,,5.0,200.0,0.39693224500001634,0.1,1.0,,,,,,,,,,,,,,
GradientBoosting,n1k_seed0,750,250,0,0.784,6.006139358871352,5.3036949577195625,0.9681819440794608,0.0,0.10550356625478255,0.38300731983502956,9.770217721796234,0.3024503488809731,2.5665843347954613,0.6721743146947611,0.4885108860898121,3.0,,5.0,200.0,0.4331653700000402,0.1,0.8,,,,,,,,,,,,,,
GradientBoosting,n1k_seed0,750,250,0,0.804,6.005827625379818,5.663773257744815,0.766091082966633,0.0,0.1002858559891484,0.39101427751131157,9.826002670009192,0.24134428355089935,2.4049048792201058,0.6603618285192597,0.49130013350046,3.0,,9.0,200.0,0.4132411659999775,0.1,1.0,,,,,,,,,,,,,,
GradientBoosting,n1k_seed0,750,250,0,0.784,5.517157621979232,4.197677476949818,0.7576749087056999,0.0,0.10273935661223399,0.402665671718599,10.108100566616653,0.24892352695353684,2.194992137197966,0.6810325184877837,0.505405028330833,3.0,,9.0,200.0,0.4412904879999928,0.1,0.8,,,,,,,,,,,,,,
GradientBoosting,n1k_seed0,750,250,0,0.78,5.675000334912628,5.278898824954104,0.8058016643567809,0.0,0.10107512596209615,0.398512561833729,9.991753755916495,0.2731572838965128,2.2948220449629413,0.6124956485709333,0.4995876877958252,3.0,,20.0,200.0,0.42670445899995,0.1,1.0,,,,,,,,,,,,,,
GradientBoosting,n1k_seed0,750,250,0,0.772,6.0639480646837916,5.451492878203343,0.7869917053805925,0.0,0.10371937414264505,0.3891612607928898,9.85761269871069,0.28319859028026634,2.1969316658068245,0.777324710428723,0.49288063493553486,3.0,,20.0,200.0,0.43028654099998676,0.1,0.8,,,,,,,,,,,,,,
GradientBoosting,n1k_seed0,750,250,0,0.796,5.26805485798482,5.849628502652602,0.46636040822133945,0.0,0.10209089281969419,0.34272154965520063,8.89624884949789,0.32622179193005807,1.837007458787572,0.6956545926162566,0.4448124424748948,3.0,,40.0,200.0,0.40050780200004965,0.1,1.0,,,,,,,,,,,,,,
GradientBoosting,n1k_seed0,750,250,0,0.816,5.352670897185232,5.528568271079282,0.5249948500309993,0.0,0.1027458412760175,0.33747713884186376,8.80445960235762,0.39607825965241467,1.8217530340484624,0.7642313797419139,0.44022298011788125,3.0,,40.0,200.0,0.4169706069999961,0.1,0.8,,,,,,,,,,,,,,
GradientBoosting,n1k_seed0,750,250,0,0.792,6.180952100360933,5.594990313140397,0.9091419219309574,0.0,0.09899552521759535,0.39158098632187066,9.811530230789314,0.2165819213639887,2.7253761110722614,0.6305967311849444,0.490576511539466,5.0,,5.0,200.0,0.5613136220000001,0.1,1.0,,,,,,,,,,,,,,
GradientBoosting,n1k_seed0,750,250,0,0.712,5.592204485194824,4.6713111794832045,0.9841511704115665,0.0,0.10735589567844937,0.40218342338408436,10.190786381250666,0.2607441658571864,2.634846846630687,0.6708336360176281,0.5095393190625337,5.0,,5.0,200.0,0.6608005869999829,0.1,0.8,,,,,,,,,,,,,,
GradientBoosting,n1k_seed0,750,250,0,0.744,5.922968667005904,5.039650912044149,0.816657403912878,0.0,0.10348735811883995,0.4106023925532332,10.281795013441455,0.2384867657489416,2.7817421466835013,0.6240578056139336,0.5140897506720732,5.0,,9.0,200.0,0.5935417949999646,0.1,1.0,,,,,,,,,,,,,,
GradientBoosting,n1k_seed0,750,250,0,0.712,5.842561028363997,4.599535262860414,0.9674729223263452,0.0,0.10730265291708425,0.4059859135457956,10.26577132925759,0.25027916796342514,2.6547575718428447,0.6768004053436514,0.5132885664628799,5.0,,9.0,200.0,0.6536202229999617,0.1,0.8,,,,,,,,,,,,,,
GradientBoosting,n1k_seed0,750,250,0,0.748,5.5079766235075125,4.676383354919281,0.8705799546504576,0.0,0.10519778060369674,0.4149378877018193,10.402713366110312,0.24678133296844337,2.4642074858548497,0.6072450502922804,0.520135668305516,5.0,,20.0,200.0,0.5812174080000432,0.1,1.0,,,,,,,,,,,,,,
GradientBoosting,n1k_seed0,750,250,0,0.732,5.643550726888102,4.5020379843316665,0.9068375743723546,0.0,0.11013504410898543,0.393329416908147,10.069289220342641,0.28045851771118785,2.2433933835779785,0.7726461147704079,0.5034644610171324,5.0,,20.0,200.0,0.7274652790000005,0.1,0.8,,,,,,,,,,,,,,
GradientBoosting,n1k_seed0,750,250,0,0.792,5.1337914027228955,5.559620881953268,0.5068709647821803,0.0,0.1028366865889735,0.33776133851228657,8.811960502025197,0.3243298050196405,1.8783937668447075,0.6752426485864972,0.44059802510126006,5.0,,40.0,200.0,0.5378888490000122,0.1,1.0,,,,,,,,,,,,,,
GradientBoosting,n1k_seed0,750,250,0,0.792,5.3531334447159,5.502542448968985,0.5894025916280903,0.0,0.10504417222497123,0.34368174641851373,8.974518372869694,0.4049081319543895,1.7663264183316694,0.794822972904384,0.448725918643485,5.0,,40.0,200.0,0.540739464000012,0.1,0.8,,,,,,,,,,,,,,
HistGradientBoosting,n1k_seed0,750,250,0,0.856,5.839443208079476,6.062101843082836,0.5938666715859701,0.0,0.10626349799281508,0.3892728913722692,9.91072778730168,0.46027805964307855,2.235448870961034,0.697799869356601,0.4955363893650843,3.0,,9.0,,0.23520111999999926,0.05,,0.0,200.0,,,,,,,,,,,,
HistGradientBoosting,n1k_seed0,750,250,0,0.844,6.186941616892839,6.1912953486849185,0.6167959969025377,0.0,0.10717045845757778,0.391745495611857,9.978319081388689,0.4780991459485693,2.3133825024623387,0.7203654642563656,0.4989159540694348,3.0,,20.0,,0.21053816899996036,0.05,,0.0,200.0,,,,,,,,,,,,
HistGradientBoosting,n1k_seed0,750,250,0,0.848,5.5579339884438905,6.153636464181385,0.42407389801093914,0.0,0.10855170018324399,0.3394310410179993,8.95965482402486,0.5379725653415627,1.8452911582169536,0.7719765387847858,0.4479827412012433,3.0,,40.0,,0.2045713640000031,0.05,,0.0,200.0,,,,,,,,,,,,
HistGradientBoosting,n1k_seed0,750,250,0,0.784,5.476232143493936,4.384833226246382,0.8316236785936001,0.0,0.09125718143344377,0.41300803428530364,10.085304314374941,0.2609233546431665,2.354694094889569,0.7108601703533998,0.5042652157187474,6.0,,9.0,,0.4574956689999681,0.05,,0.0,200.0,,,,,,,,,,,,
HistGradientBoosting,n1k_seed0,750,250,0,0.784,5.353738556914366,4.688023405818202,0.7235676415002926,0.0,0.09420945326065948,0.41571952093869163,10.198579483987015,0.2428218941788707,2.2947946844626625,0.6352083356026827,0.5099289741993511,6.0,,20.0,,0.41115750300002674,0.05,,0.0,200.0,,,,,,,,,,,,
HistGradientBoosting,n1k_seed0,750,250,0,0.84,5.218857483102742,5.530544640695572,0.4654563045035538,0.0,0.09287112063228699,0.356643698541024,8.990296383466214,0.37052790742922964,1.8535722942973603,0.716387412171504,0.449514819173311,6.0,,40.0,,0.33005865300003734,0.05,,0.0,200.0,,,,,,,,,,,,
HistGradientBoosting,n1k_seed0,750,250,0,0.752,5.531368376168512,3.8449497995915465,0.9621421888108376,0.0,0.10296596940008587,0.4585196905979819,11.229713199961349,0.3253851021134851,2.83973976080562,0.6493918812973373,0.5614856599980678,,,9.0,,0.7512493709999717,0.05,,0.0,200.0,,,,,,,,,,,,
HistGradientBoosting,n1k_seed0,750,250,0,0.776,5.158754211095797,4.2673852298280215,0.7921583591377948,0.0,0.09674584909175027,0.43002020455374224,10.535321072909843,0.24886176043631156,2.310389361590208,0.6696514628781459,0.5267660536454926,,,20.0,,0.5984868589999905,0.05,,0.0,200.0,,,,,,,,,,,,
HistGradientBoosting,n1k_seed0,750,250,0,0.828,5.181410915138638,5.525475690728097,0.47924209089171066,0.0,0.09355260691798421,0.365161191214203,9.174275962643737,0.371948376680129,1.8456518703861455,0.71483936567645,0.4587137981321872,,,40.0,,0.39658327000006466,0.05,,0.0,200.0,,,,,,,,,,,,
HistGradientBoosting,n1k_seed0,750,250,0,0.808,5.449589059976066,5.5348235323087,0.6928227600555675,0.0,0.09715792116165728,0.39346170727427876,9.812392568718712,0.2416115276653514,2.3092618897674164,0.6304900649090442,0.49061962843593604,3.0,,9.0,,0.2206392150000056,0.1,,0.0,200.0,,,,,,,,,,,,
HistGradientBoosting,n1k_seed0,750,250,0,0.796,5.676866509665305,5.3916653129123375,0.773855858177659,0.0,0.09889413776972748,0.4089935950358023,10.157754656110589,0.21311374352543191,2.443235542510236,0.6394051463578924,0.5078877328055298,3.0,,20.0,,0.2181957569999895,0.1,,0.0,200.0,,,,,,,,,,,,
HistGradientBoosting,n1k_seed0,750,250,0,0.82,5.431745475101866,5.686678890900633,0.47156215158962184,0.0,0.10333492648418866,0.35238908687229686,9.114480267129704,0.3317882345755707,1.6726232100825165,0.751546151201437,0.4557240133564855,3.0,,40.0,,0.21308978199999729,0.1,,0.0,200.0,,,,,,,,,,,,
HistGradientBoosting,n1k_seed0,750,250,0,0.724,5.319207545263222,3.792555564493428,0.9743501333287645,0.0,0.10094635682329328,0.43472139068819715,10.713354950229803,0.23623377815969085,2.7482781524565563,0.6711176876856028,0.5356677475114904,6.0,,9.0,,0.4462617799999862,0.1,,0.0,200.0,,,,,,,,,,,,
HistGradientBoosting,n1k_seed0,750,250,0,0.772,6.035968155383136,4.4668097295859015,1.074953965714063,0.0,0.09474340221028808,0.456616673855364,11.027201521313033,0.23691134869209202,2.8805335973007886,0.6884227106536734,0.5513600760656521,6.0,,20.0,,0.4298036029999821,0.1,,0.0,200.0,,,,,,,,,,,,
HistGradientBoosting,n1k_seed0,750,250,0,0.8,5.077712293576538,5.470489495599833,0.5009163937901945,0.0,0.09508794043637415,0.36746119691370327,9.25098274700154,0.343838213480242,1.8780978695972719,0.6600001514840371,0.4625491373500774,6.0,,40.0,,0.34073970599990844,0.1,,0.0,200.0,,,,,,,,,,,,
HistGradientBoosting,n1k_seed0,750,250,0,0.724,5.358020525963948,3.6266216375216933,1.0834268014023118,0.0,0.10384470501129581,0.4937627972886306,11.952150045998518,0.2516980178292789,3.0837029054779475,0.6709102506148893,0.5976075022999264,,,9.0,,0.7763750010000194,0.1,,0.0,200.0,,,,,,,,,,,,
HistGradientBoosting,n1k_seed0,750,250,0,0.764,5.337098279632722,4.057225846098559,0.9170256943912702,0.0,0.09481894703262209,0.45827440640440853,11.061867068740606,0.24048153863587055,2.593410099298864,0.6740002023640985,0.5530933534370306,,,20.0,,0.6445929660000047,0.1,,0.0,200.0,,,,,,,,,,,,
HistGradientBoosting,n1k_seed0,750,250,0,0.804,5.078222366170186,5.262349742299216,0.5325142897097997,0.0,0.09529704557651746,0.3729545551898885,9.365032015328113,0.33851824343475645,1.9970821068567095,0.6382969288771233,0.468251600766406,,,40.0,,0.373612671999922,0.1,,0.0,200.0,,,,,,,,,,,,
HistGradientBoosting,n1k_seed0,750,250,0,0.848,6.4363262676510296,6.251354705255986,0.674502101543378,0.0,0.11854181276842476,0.3782057082449338,9.934950420267164,0.6703870202898174,2.4666090470296984,0.7090204169196443,0.4967475210133586,3.0,,9.0,,0.21506362299999182,0.05,,1.0,200.0,,,,,,,,,,,,
HistGradientBoosting,n1k_seed0,750,250,0,0.84,6.380198837657386,6.538137425648033,0.5665621381608746,0.0,0.12003089864319677,0.3787825254905372,9.976268482674673,0.6988011333251761,2.1742825124503424,0.7733434078703286,0.498813424133734,3.0,,20.0,,0.19895251100001587,0.05,,1.0,200.0,,,,,,,,,,,,
HistGradientBoosting,n1k_seed0,750,250,0,0.848,5.699161897435752,6.350648023270545,0.4329019944193213,0.0,0.11493395666652255,0.34406618644080367,9.180002862146518,0.6439446931702136,1.8871105147882477,0.7658376825312132,0.45900014310732623,3.0,,40.0,,0.19379132000005939,0.05,,1.0,200.0,,,,,,,,,,,,
HistGradientBoosting,n1k_seed0,750,250,0,0.752,5.690565478506694,4.285662808027427,0.9128089955524827,0.0,0.1075176688310957,0.4430174150740267,11.01070167810244,0.3345656087442269,2.7424593114378917,0.6832511135805541,0.5505350839051224,6.0,,9.0,,0.4427266129999907,0.05,,1.0,200.0,,,,,,,,,,,,
HistGradientBoosting,n1k_seed0,750,250,0,0.756,5.543472853227559,4.697439721373264,0.7624447206663811,0.0,0.10569352178121914,0.4195639885925805,10.505150207475985,0.3431575512300662,2.3991634108306457,0.6613640375753712,0.5252575103737996,6.0,,20.0,,0.35641948399995727,0.05,,1.0,200.0,,,,,,,,,,,,
HistGradientBoosting,n1k_seed0,750,250,0,0.784,5.27388941341632,5.388051497448702,0.5364277281101196,0.0,0.10820111416733741,0.3622022104423387,9.408066492193514,0.4152873393864911,1.9270549286274055,0.6551502253639396,0.4704033246096761,6.0,,40.0,,0.31639406400006465,0.05,,1.0,200.0,,,,,,,,,,,,
HistGradientBoosting,n1k_seed0,750,250,0,0.736,5.462074780276962,3.8229335120370385,0.9662084923713691,0.0,0.1105752096728799,0.45727198112269307,11.356943815911452,0.3435533782028821,2.8668767588042976,0.6203088450356439,0.567847190795573,,,9.0,,0.7200694269999985,0.05,,1.0,200.0,,,,,,,,,,,,
HistGradientBoosting,n1k_seed0,750,250,0,0.744,5.6172511314159115,4.21703907783246,0.9485921471167554,0.0,0.10747161550211771,0.44761149668541067,11.101662243750559,0.35011263177521806,2.598398219091866,0.6999097925937803,0.5550831121875284,,,20.0,,0.5516170020000573,0.05,,1.0,200.0,,,,,,,,,,,,
HistGradientBoosting,n1k_seed0,750,250,0,0.788,5.2193232113191135,5.3920714010170565,0.5295203711039589,0.0,0.10837262641782786,0.36448443071539777,9.457141142664506,0.4171200161438428,1.883090706226216,0.6460319277847721,0.4728570571332256,,,40.0,,0.3374021399999947,0.05,,1.0,200.0,,,,,,,,,,,,
HistGradientBoosting,n1k_seed0,750,250,0,0.804,5.667752142886078,5.460085340480971,0.7842241633919376,0.0,0.10007707803444256,0.3887994492822722,9.777530546334289,0.24001611111077925,2.4413586045309374,0.6281081278157075,0.48887652731671477,3.0,,9.0,,0.21709068000006937,0.1,,1.0,200.0,,,,,,,,,,,,
HistGradientBoosting,n1k_seed0,750,250,0,0.8,6.122671539921804,5.297794312558947,0.9040590546370991,0.0,0.10092979044725643,0.4183443925122184,10.38548365918949,0.2502391440417291,2.7599262892603718,0.6359630035838194,0.5192741829594748,3.0,,20.0,,0.2124526129999822,0.1,,1.0,200.0,,,,,,,,,,,,
HistGradientBoosting,n1k_seed0,750,250,0,0.812,5.192723320420153,5.560829121541005,0.4446685426691268,0.0,0.10476534142142514,0.3430339550258029,8.955985928944555,0.3433700358065611,1.7521487220637169,0.7232184787872533,0.44779929644722805,3.0,,40.0,,0.2000642579999976,0.1,,1.0,200.0,,,,,,,,,,,,
HistGradientBoosting,n1k_seed0,750,250,0,0.728,5.649717493737011,3.864801375949669,1.0260332715479605,0.0,0.1070408943486442,0.4434051401776246,11.008920690525368,0.25142874480937805,2.9255520352394613,0.6522346995230474,0.5504460345262688,6.0,,9.0,,0.4213626179999892,0.1,,1.0,200.0,,,,,,,,,,,,
HistGradientBoosting,n1k_seed0,750,250,0,0.728,5.995432587773923,4.220348610878819,1.097646218522066,0.0,0.10354655772364009,0.4617300576713137,11.30553230789907,0.24435529000815961,2.9206905536174927,0.6703575619966045,0.5652766153949538,6.0,,20.0,,0.3939031240000759,0.1,,1.0,200.0,,,,,,,,,,,,
HistGradientBoosting,n1k_seed0,750,250,0,0.772,5.045447885149184,5.093106651003747,0.5458915592026882,0.0,0.10668877637843863,0.3694374017843797,9.52252356325636,0.3522820832874591,1.9612686690981218,0.6182605280462438,0.4761261781628183,6.0,,40.0,,0.332412923999982,0.1,,1.0,200.0,,,,,,,,,,,,
HistGradientBoosting,n1k_seed0,750,250,0,0.716,5.482856624156695,3.7608120068464084,1.1607017158658783,0.0,0.10871699777402659,0.49631889594750184,12.10071787443056,0.26352901466087497,3.225032230448044,0.6737838691065944,0.6050358937215284,,,9.0,,0.7660631129999729,0.1,,1.0,200.0,,,,,,,,,,,,
HistGradientBoosting,n1k_seed0,750,250,0,0.732,5.531736139670428,3.998602212415671,1.135675381790126,0.0,0.1044371883062564,0.46754600999205326,11.439663965966185,0.24761466896652998,2.9258138052498497,0.6456313159493728,0.5719831982983097,,,20.0,,0.6274311939999961,0.1,,1.0,200.0,,,,,,,,,,,,
HistGradientBoosting,n1k_seed0,750,250,0,0.772,5.074236649626264,5.2282862934688925,0.542872729777382,0.0,0.10696004190218769,0.3708340100587224,9.555881039218194,0.3539037113691428,1.8941417116602723,0.6568866858210238,0.47779405196091007,,,40.0,,0.3639129309999589,0.1,,1.0,200.0,,,,,,,,,,,,
HonestRF,n1k_seed0,750,250,0,0.552,3.5107445027899375,2.5962914042537735,0.921562939668015,0.0,0.3271184001602345,0.4746922904605309,16.036213812415294,1.0627937215878316,3.33610815141452,0.1953755660612403,0.8018106906207654,,1.0,1.0,200.0,1.8466738009999517,,,,,,,,,,,,,,,,
HonestRF,n1k_seed0,750,250,0,0.912,5.524054372998975,5.297710998426865,0.44348081273494533,0.0,0.0952105580554134,0.3335304009535075,8.57481918017841,0.4215964146339278,2.1805980798931333,0.5998681656776057,0.4287409590089209,,1.0,9.0,200.0,0.44324891700000535,,,,,,,,,,,,,,,,
HonestRF,n1k_seed0,750,250,0,0.916,6.534941592054216,6.651473440616511,0.3854970711346966,0.0,0.1376157729242024,0.3436162582541116,9.624640623566272,1.2649349703639523,2.267768109911375,0.7084265337490139,0.481232031178314,,1.0,20.0,200.0,0.33750229199995374,,,,,,,,,,,,,,,,
HonestRF,n1k_seed0,750,250,0,0.908,8.736766294949057,10.098546605332654,0.3899033511262494,0.0,0.22237788454883065,0.3872605312722196,12.192768316420997,2.727688087178951,2.317825073352337,0.9959364468832836,0.6096384158210503,,1.0,40.0,200.0,0.2804021349999175,,,,,,,,,,,,,,,,
GB_example_defaults,n1k_seed0,750,250,0,0.868,6.926689826922262,7.0530610135872465,0.5023704085354267,0.0,0.14420443940681335,0.3579562624961286,10.043214038058833,1.2025136723203005,2.0155064451951747,0.8426009131679657,0.5021607019029419,,,,,0.3258362820000684,,,,,,,,,,,,,,,,
RF_example_defaults,n1k_seed0,750,250,0,0.832,6.54652588140733,5.586957168411482,0.8562512746170717,0.0,0.08704552640513992,0.40563657019840016,9.853641932070794,0.20947774350365472,2.6044220005013776,0.7863289874600478,0.49268209660354007,,,,,0.5971453119999524,,,,,,,,,,,,,,,,
constant_marginal,n4k_seed0,3000,1000,0,0.896,13.155854605161743,13.155854605161739,2.700481105504398e-16,0.0,0.34941669529876074,0.6740027663043519,20.46838923206224,4.90048740104521,5.010305369112709,0.0,1.0234194616031127,,,,,,,,,,,,,,,,,,,,,
oracle,n4k_seed0,3000,1000,0,0.9,5.515052147643382,4.919927406035164,0.5013816642466778,0.0,0.08336885720493444,0.49696182489546925,11.606613642008066,0.0,0.0,1.0,0.5803306821004037,,,,,,,,,,,,,,,,,,,,,
RandomForest,n4k_seed0,3000,1000,0,0.0,0.0,0.0,0.0,0.0,0.9579960750825749,0.9350610107781557,37.861141717214586,1.6391455526110317,4.221123261653018,0.0,1.8930570858607307,,1.0,1.0,200.0,3.54677528600007,,,,,,,,,,,,,,,,
RandomForest,n4k_seed0,3000,1000,0,0.695,4.027328215675868,2.841706521230853,1.0839517230360836,0.0,0.10600005918653829,0.6156431084585711,14.432863352902176,0.20488566077005152,2.456617186813185,0.6674555156945675,0.7216431676451094,,1.0,5.0,200.0,2.792166597000005,,,,,,,,,,,,,,,,
RandomForest,n4k_seed0,3000,1000,0,0.783,5.3237287908776745,3.7702467788342116,0.9718827011308702,0.0,0.09206527749967987,0.5729954820814108,13.301215191621802,0.12111542600443635,2.110655020318214,0.7782355284251038,0.6650607595810907,,1.0,9.0,200.0,2.5777058219999844,,,,,,,,,,,,,,,,
RandomForest,n4k_seed0,3000,1000,0,0.849,5.877592776061036,4.360983162329378,0.8230151123483057,0.0,0.08777818700560909,0.5469695607612941,12.694954955338057,0.09935255394297655,1.76200087011613,0.8614978976696192,0.6347477477669032,,1.0,20.0,200.0,2.3101506929999687,,,,,,,,,,,,,,,,
RandomForest,n4k_seed0,3000,1000,0,0.872,5.849735931821247,4.33691540000331,0.7852978299981438,0.0,0.09002983125446261,0.5456154416828918,12.712905458747079,0.1503585829798099,1.6958140077526556,0.876774014675371,0.6356452729373544,,1.0,30.0,200.0,2.1526104050000185,,,,,,,,,,,,,,,,
RandomForest,n4k_seed0,3000,1000,0,0.901,5.902964929319994,4.691685339040119,0.7256208230463268,0.0,0.09453935646977368,0.5301286427369267,12.493359984133999,0.2513250165999012,1.5346793295163987,0.9075893021644644,0.6246679992067004,,1.0,50.0,200.0,1.9589171820000502,,,,,,,,,,,,,,,,
RandomForest,n4k_seed0,3000,1000,0,0.894,7.987902188493889,6.158197355176295,0.6659261690301067,0.0,0.21340490431049483,0.5218926329244741,14.70595074469937,2.411653357682717,1.2441541474201905,0.8457527825706853,0.7352975372349689,3.0,1.0,1.0,200.0,1.1688113150000845,,,,,,,,,,,,,,,,
RandomForest,n4k_seed0,3000,1000,0,0.894,8.022878883477556,6.158197355176295,0.6721682001618576,0.0,0.21347722184817744,0.5236342897795394,14.742230232554327,2.4124838993109763,1.277401371896813,0.8474572044719383,0.7371115116277168,3.0,1.0,5.0,200.0,1.1692505149999306,,,,,,,,,,,,,,,,
RandomForest,n4k_seed0,3000,1000,0,0.894,8.069888405955181,6.164955362040154,0.6805074002607802,0.0,0.21347754608182548,0.5256206658869944,14.781964239376387,2.4125366787988702,1.320054147751448,0.8534228242036686,0.7390982119688199,3.0,1.0,9.0,200.0,1.1728207009999778,,,,,,,,,,,,,,,,
RandomForest,n4k_seed0,3000,1000,0,0.895,8.164325418599056,6.161853051702744,0.6922408767967928,0.0,0.21322612504995533,0.5296826269748894,14.858175040496889,2.414080793297714,1.3990805461204487,0.8604991007620936,0.7429087520248447,3.0,1.0,20.0,200.0,1.1746919030000527,,,,,,,,,,,,,,,,
RandomForest,n4k_seed0,3000,1000,0,0.898,8.124244969677784,6.158320987749954,0.682947065435562,0.0,0.2137531078548922,0.527192053417372,14.818903225445275,2.4258071389079525,1.3680080339429683,0.859339225684065,0.7409451612722642,3.0,1.0,30.0,200.0,1.168711003999988,,,,,,,,,,,,,,,,
RandomForest,n4k_seed0,3000,1000,0,0.903,7.948492269032978,6.149677405904013,0.6562428156140823,0.0,0.20584907944475514,0.5183054429289485,14.483090447474066,2.3198865923426872,1.2676762639525083,0.8739003850876205,0.7241545223737037,3.0,1.0,50.0,200.0,1.1631402079999589,,,,,,,,,,,,,,,,
RandomForest,n4k_seed0,3000,1000,0,0.848,5.691323220509169,4.196438249611916,0.7254374826561647,0.0,0.13842645143555904,0.5236378446157882,13.241285921026934,0.9088008397108173,1.0540868831658177,0.8397327867301303,0.6620642960513472,6.0,1.0,1.0,200.0,1.8402762660000462,,,,,,,,,,,,,,,,
RandomForest,n4k_seed0,3000,1000,0,0.858,5.9268335852129255,4.25226976628722,0.7861811819454004,0.0,0.13037327908347107,0.5279966097298145,13.167397776265702,0.8874441790965726,1.139624594028209,0.8630832465270786,0.6583698888132856,6.0,1.0,5.0,200.0,1.8353487189999669,,,,,,,,,,,,,,,,
RandomForest,n4k_seed0,3000,1000,0,0.862,6.145835400068306,4.274496730896345,0.8170758919194068,0.0,0.12914305612795546,0.5313624575974345,13.21011027450779,0.8829747594826431,1.2349848583939886,0.8813405488367538,0.6605055137253899,6.0,1.0,9.0,200.0,1.8246826989999363,,,,,,,,,,,,,,,,
RandomForest,n4k_seed0,3000,1000,0,0.88,6.475038841965239,4.405179273438986,0.8087433792359714,0.0,0.1285919260538037,0.5369614442899135,13.311067406874336,0.8855489844603412,1.4037500858348753,0.9031238916254418,0.6655533703437173,6.0,1.0,20.0,200.0,1.8062417370000503,,,,,,,,,,,,,,,,
RandomForest,n4k_seed0,3000,1000,0,0.89,6.47746034508949,4.457162215219271,0.7902352314553805,0.0,0.1295039013273204,0.5370323314960893,13.330724656468185,0.9036060269158144,1.4336306445451035,0.9107176857215198,0.6665362328234097,6.0,1.0,30.0,200.0,1.770277061999991,,,,,,,,,,,,,,,,
RandomForest,n4k_seed0,3000,1000,0,0.9,6.4630756597631285,4.674618104344376,0.7541529900085807,0.0,0.1298902927326127,0.5240826996720537,13.079459848093316,0.9064044371053009,1.380104552648057,0.9292308887628724,0.6539729924046664,6.0,1.0,50.0,200.0,1.7099511620000385,,,,,,,,,,,,,,,,
RandomForest,n4k_seed0,3000,1000,0,0.495,2.254080506305637,1.7132664421927921,0.9048023601134648,0.0,0.39817565361331014,0.6640730299342652,21.244973670951488,0.7453021308099981,2.904506544334599,0.4624652623939194,1.0622486835475753,12.0,1.0,1.0,200.0,2.838518745999977,,,,,,,,,,,,,,,,
RandomForest,n4k_seed0,3000,1000,0,0.734,4.250608144780411,3.1013493650220427,0.9970647419755998,0.0,0.10283369068478024,0.5916488149347726,13.889650112391049,0.2060495829361843,2.183055314752565,0.7438886813719868,0.6944825056195528,12.0,1.0,5.0,200.0,2.633445908999988,,,,,,,,,,,,,,,,
RandomForest,n4k_seed0,3000,1000,0,0.795,5.302526268372089,3.785615189259594,0.9565631033462862,0.0,0.09326978859114604,0.5667798248045129,13.20099226791317,0.1492470028765086,1.9886778663168028,0.8015266386182881,0.660049613395659,12.0,1.0,9.0,200.0,2.477307773000007,,,,,,,,,,,,,,,,
RandomForest,n4k_seed0,3000,1000,0,0.856,5.904666050687497,4.339834271212247,0.821206280788563,0.0,0.08997324722460229,0.5470346394316795,12.740157733125624,0.13514511269065752,1.7607568416333816,0.8634815432200326,0.6370078866562818,12.0,1.0,20.0,200.0,2.2537078950000478,,,,,,,,,,,,,,,,
RandomForest,n4k_seed0,3000,1000,0,0.875,5.875892899900042,4.33842195564355,0.7830837594031548,0.0,0.0919924521864729,0.5456128819602135,12.752106682933718,0.18419083187637023,1.6957656874866152,0.8784159358034257,0.6376053341466864,12.0,1.0,30.0,200.0,2.1258695369999714,,,,,,,,,,,,,,,,
RandomForest,n4k_seed0,3000,1000,0,0.901,5.906603925939182,4.691685339040119,0.7247956470599257,0.0,0.09516623340413952,0.5301286427369267,12.505897522821316,0.2621515125023283,1.5346793295163987,0.90936739738283,0.6252948761410663,12.0,1.0,50.0,200.0,2.0317282899999327,,,,,,,,,,,,,,,,
ExtraTrees,n4k_seed0,3000,1000,0,0.014,0.03808642878635137,0.012764243067045655,1.7929985462729272,0.081,1.0370342929362935,0.9439284463839178,39.61925478640419,1.6987857658790315,4.271879837545106,0.6360821337853232,1.9809627393202112,,1.0,1.0,200.0,5.123717173999921,,,,,,,,,,,,,,,,
ExtraTrees,n4k_seed0,3000,1000,0,0.934,6.484457088404472,5.110001038697083,0.6988119967387263,0.0,0.1015084080526065,0.52537655647585,12.537699290569122,0.4187087429132583,1.407476582012566,0.9334319814512357,0.6268849645284565,,1.0,9.0,200.0,3.0929100399999925,,,,,,,,,,,,,,,,
ExtraTrees,n4k_seed0,3000,1000,0,0.946,6.798348593361968,5.935314955710218,0.5110183314829124,0.0,0.12881264875769838,0.5081731308834855,12.739715592823668,0.9602536846032788,0.9811412559232535,0.9671765204453975,0.6369857796411839,,1.0,20.0,200.0,2.5245391390000123,,,,,,,,,,,,,,,,
ExtraTrees,n4k_seed0,3000,1000,0,0.944,7.124181433845848,6.330402197054919,0.42685776551332155,0.0,0.14849042007743174,0.5033431109058759,13.036670619666143,1.3460917123884018,0.8087101721330469,0.9767317330868404,0.6518335309833077,,1.0,40.0,200.0,2.163142981000078,,,,,,,,,,,,,,,,
ExtraTrees,n4k_seed0,3000,1000,0,0.927,6.679779348285845,5.837946272032832,0.5581789422911305,0.0,0.12906789532288113,0.5072638362971712,12.726634632401037,0.939678243540052,0.8496325415039748,0.958076829607245,0.6363317316200523,6.0,1.0,1.0,200.0,2.701568359000021,,,,,,,,,,,,,,,,
ExtraTrees,n4k_seed0,3000,1000,0,0.942,6.973893440207185,6.1070040562561285,0.5014706434278489,0.0,0.1371375580754805,0.5057365307379145,12.85748177626789,1.126476990193725,0.8576094708466915,0.966600051157483,0.642874088813395,6.0,1.0,9.0,200.0,2.4117848820000063,,,,,,,,,,,,,,,,
ExtraTrees,n4k_seed0,3000,1000,0,0.943,7.2074695749861295,6.3896534170710755,0.4447399929790521,0.0,0.14861714677943222,0.5045659035779988,13.063661007148612,1.3521258204188797,0.9358910006944513,0.9584778943749721,0.653183050357431,6.0,1.0,20.0,200.0,2.220053797999981,,,,,,,,,,,,,,,,
ExtraTrees,n4k_seed0,3000,1000,0,0.941,7.627215987222198,6.772337687708689,0.4230522854047052,0.0,0.16603496549892377,0.5055975397182413,13.43265010434329,1.6878224865058946,0.9219197842706031,0.979731128120705,0.671632505217165,6.0,1.0,40.0,200.0,2.0252599560000135,,,,,,,,,,,,,,,,
ExtraTrees,n4k_seed0,3000,1000,0,0.6,3.7861261825352774,3.035782607105345,0.9166004902580467,0.0,0.29922712872745366,0.579332277158062,17.5711881177103,0.5689017001839372,2.19919537188325,0.7853092368685144,0.8785594058855157,12.0,1.0,1.0,200.0,4.145362212000009,,,,,,,,,,,,,,,,
ExtraTrees,n4k_seed0,3000,1000,0,0.934,6.495825255595456,5.0874963876531,0.7046433640636188,0.0,0.10266656277797312,0.5238822531496925,12.530976318553302,0.44125396927961474,1.364212659142479,0.9365810811169722,0.6265488159276656,12.0,1.0,9.0,200.0,3.068873716999974,,,,,,,,,,,,,,,,
ExtraTrees,n4k_seed0,3000,1000,0,0.944,6.778493669743583,5.89389528063025,0.5117518948755072,0.0,0.1282000520549107,0.5080609632460501,12.725220306019207,0.9480845997001067,0.9738533411674668,0.9674036754235071,0.6362610153009608,12.0,1.0,20.0,200.0,2.58313570100006,,,,,,,,,,,,,,,,
ExtraTrees,n4k_seed0,3000,1000,0,0.944,7.124625029671373,6.332225113323904,0.4271746202722303,0.0,0.14848448551654678,0.5035067592063585,13.039824894458096,1.3458895128659247,0.808744185174091,0.9771621082765574,0.6519912447229053,12.0,1.0,40.0,200.0,2.159013530999914,,,,,,,,,,,,,,,,
GradientBoosting,n4k_seed0,3000,1000,0,0.861,6.010899403403468,5.02860843448402,0.5308070982593922,0.0,0.1317467992003312,0.5065789123844201,12.766514231695014,0.9340857109116655,0.9388432063440028,0.8603530277936581,0.6383257115847513,2.0,,5.0,200.0,0.49907368100002714,0.05,1.0,,,,,,,,,,,,,,
GradientBoosting,n4k_seed0,3000,1000,0,0.865,6.026433413299508,4.750122797791541,0.6043210954886786,0.0,0.1313574511151547,0.5090117486695891,12.807383995694869,0.9572320230763114,0.9652716626350423,0.8633969848273199,0.6403691997847438,2.0,,5.0,200.0,0.5218778229999543,0.05,0.8,,,,,,,,,,,,,,
GradientBoosting,n4k_seed0,3000,1000,0,0.862,6.052372242163779,4.764913261100637,0.5513392945014501,0.0,0.13196565671410798,0.5036226255359871,12.711765645001895,0.940048568107528,0.9172277784566778,0.8533541781160449,0.6355882822500951,2.0,,9.0,200.0,0.4981950599999436,0.05,1.0,,,,,,,,,,,,,,
GradientBoosting,n4k_seed0,3000,1000,0,0.868,5.9626245217628915,4.7758418130267914,0.5816743343459675,0.0,0.13159261163008598,0.5074811597009272,12.781475426620254,0.9575312162104517,0.9906282028129476,0.8649399086523131,0.6390737713310132,2.0,,9.0,200.0,0.5304397930000277,0.05,0.8,,,,,,,,,,,,,,
GradientBoosting,n4k_seed0,3000,1000,0,0.861,5.995916152222809,4.897115597126985,0.5354662436533816,0.0,0.13156479007104274,0.5028743896015022,12.688783593450891,0.938117044917632,0.8784038105211669,0.8807257552950664,0.6344391796725449,2.0,,20.0,200.0,0.500035265000065,0.05,1.0,,,,,,,,,,,,,,
GradientBoosting,n4k_seed0,3000,1000,0,0.867,6.055281861404558,4.837921981033476,0.5875907189637652,0.0,0.13150869453721437,0.5091018158221629,12.812210207187535,0.9522399020233867,0.9933910281657723,0.8717733161286485,0.6406105103593772,2.0,,20.0,200.0,0.5267492760000323,0.05,0.8,,,,,,,,,,,,,,
GradientBoosting,n4k_seed0,3000,1000,0,0.865,6.060329960538987,4.804380398640427,0.5683920524855276,0.0,0.12950831531239537,0.5101437973723401,12.793042253694699,0.9179821355534327,0.9586842125952435,0.8752479025569068,0.6396521126847354,2.0,,40.0,200.0,0.50299170400001,0.05,1.0,,,,,,,,,,,,,,
GradientBoosting,n4k_seed0,3000,1000,0,0.863,6.025171482050551,4.754388102545854,0.5823452746261427,0.0,0.13075927477637872,0.5096775193988703,12.808735883504973,0.9435520446655605,0.9452230177098331,0.8813497345980228,0.640436794175249,2.0,,40.0,200.0,0.535355400999947,0.05,0.8,,,,,,,,,,,,,,
GradientBoosting,n4k_seed0,3000,1000,0,0.854,5.318393082148254,4.99999299703676,0.5197497819241839,0.0,0.10027779164792082,0.510853159579461,12.222619024547626,0.32587323218367087,0.984527366022268,0.9093662058066148,0.6111309512273818,3.0,,5.0,200.0,0.6612926630000402,0.05,1.0,,,,,,,,,,,,,,
GradientBoosting,n4k_seed0,3000,1000,0,0.848,5.420270656500985,4.614677829572973,0.6101026233489957,0.0,0.10485553354363453,0.5158875171950696,12.414861014774075,0.4229629098526877,1.061778412594504,0.8949175669590418,0.6207430507387042,3.0,,5.0,200.0,0.6697117609999168,0.05,0.8,,,,,,,,,,,,,,
GradientBoosting,n4k_seed0,3000,1000,0,0.853,5.354229730385468,4.698456231569894,0.5569904121293285,0.0,0.09950699866149447,0.5124440073702993,12.239020120635866,0.3262450793069909,0.9849360025624019,0.9051012738410732,0.6119510060317938,3.0,,9.0,200.0,0.6721344449999833,0.05,1.0,,,,,,,,,,,,,,
GradientBoosting,n4k_seed0,3000,1000,0,0.848,5.4407192998780225,4.325394166620272,0.6638452213152571,0.0,0.10423361608969045,0.5216393543421345,12.517459408636492,0.410404900414644,1.1325752022948725,0.8705183941318503,0.6258729704318249,3.0,,9.0,200.0,0.6776185979999809,0.05,0.8,,,,,,,,,,,,,,
GradientBoosting,n4k_seed0,3000,1000,0,0.852,5.3317952838876375,4.725153025440368,0.5599680556071359,0.0,0.10021624938802982,0.5115868030776617,12.236061049313824,0.3269172140708194,1.0119708912277974,0.9238481812664944,0.6118030524656916,3.0,,20.0,200.0,0.6612051340000562,0.05,1.0,,,,,,,,,,,,,,
GradientBoosting,n4k_seed0,3000,1000,0,0.849,5.5096910029810156,4.735089645435958,0.6270516355815112,0.0,0.10299673826038103,0.5221038539683268,12.502011844574149,0.3903937156736017,1.1777546070706388,0.8806511696367775,0.6251005922287078,3.0,,20.0,200.0,0.6613435580001124,0.05,0.8,,,,,,,,,,,,,,
GradientBoosting,n4k_seed0,3000,1000,0,0.853,5.5553987287130315,4.793259499265634,0.6173695648707801,0.0,0.10062345944296963,0.5212698338001569,12.43786586486252,0.3405310205340484,1.1954287307582674,0.8903103956544484,0.6218932932431265,3.0,,40.0,200.0,0.6502239709999458,0.05,1.0,,,,,,,,,,,,,,
GradientBoosting,n4k_seed0,3000,1000,0,0.843,5.598657438002587,4.5709438311100214,0.6475385951757958,0.0,0.10258293747042044,0.5208240083124673,12.468138915657745,0.38771458481113114,1.2126064653366948,0.8925766406240216,0.6234069457828878,3.0,,40.0,200.0,0.6547336770000811,0.05,0.8,,,,,,,,,,,,,,
GradientBoosting,n4k_seed0,3000,1000,0,0.835,5.086953433742089,4.48006910133469,0.5477403777555324,0.0,0.09377090757426512,0.5151882332466974,12.17918281641924,0.16991169081836774,1.171560058469959,0.8877288899272551,0.6089591408209625,5.0,,5.0,200.0,1.0207818119999956,0.05,1.0,,,,,,,,,,,,,,
GradientBoosting,n4k_seed0,3000,1000,0,0.832,5.118542744493609,4.242904016849047,0.7373927769099023,0.0,0.09499141213654198,0.5230696494675448,12.361221232081725,0.1855918246101066,1.3789410729485663,0.8525335868500017,0.6180610616040867,5.0,,5.0,200.0,1.0346116020000409,0.05,0.8,,,,,,,,,,,,,,
GradientBoosting,n4k_seed0,3000,1000,0,0.841,5.143516516714217,4.412574263472702,0.6222604564588828,0.0,0.09265744489917435,0.520714030339602,12.267429504775517,0.16074095901469815,1.3617227992018208,0.839881515346508,0.6133714752387763,5.0,,9.0,200.0,1.0358246360000294,0.05,1.0,,,,,,,,,,,,,,
GradientBoosting,n4k_seed0,3000,1000,0,0.842,5.395514393812965,4.171802815261783,0.8360042035881169,0.0,0.09286522890277996,0.5369846579708525,12.59699773747264,0.17412816367015535,1.5741280256765686,0.8414988508992917,0.6298498868736324,5.0,,9.0,200.0,1.0112517350000871,0.05,0.8,,,,,,,,,,,,,,
GradientBoosting,n4k_seed0,3000,1000,0,0.834,5.174986648400476,4.4769751828117785,0.7359095124366601,0.0,0.09217980976391857,0.5289671533453977,12.422939262186317,0.1570348013330203,1.47681379523459,0.8208851644564913,0.6211469631093163,5.0,,20.0,200.0,0.9822122140000147,0.05,1.0,,,,,,,,,,,,,,
GradientBoosting,n4k_seed0,3000,1000,0,0.84,5.5428754168036445,4.237445845604914,0.851464088913865,0.0,0.09236825238340717,0.543197116681004,12.711307381288211,0.16668896453591756,1.7430032192711353,0.833976312611184,0.6355653690644112,5.0,,20.0,200.0,0.9760292789999312,0.05,0.8,,,,,,,,,,,,,,
GradientBoosting,n4k_seed0,3000,1000,0,0.845,5.3064886407979905,4.570063429891477,0.6740661772692735,0.0,0.0917572055015871,0.5266206385342601,12.367556880716936,0.15361651680667893,1.370598502309533,0.877321951769916,0.6183778440358472,5.0,,40.0,200.0,0.9583808209999916,0.05,1.0,,,,,,,,,,,,,,
GradientBoosting,n4k_seed0,3000,1000,0,0.843,5.455981892040008,4.095219175199445,0.7513373389485934,0.0,0.09234044181920621,0.5405505046395691,12.657818929175496,0.17070694470171022,1.58574147806746,0.8563462556409,0.6328909464587753,5.0,,40.0,200.0,0.9551458159999129,0.05,0.8,,,,,,,,,,,,,,
GradientBoosting,n4k_seed0,3000,1000,0,0.853,5.114566856654002,4.364692383206481,0.5040438796373226,0.0,0.09014671180362435,0.5086977663689158,11.976889563450797,0.1461007234167982,0.8942318696470785,0.9069895042922246,0.5988444781725402,2.0,,5.0,200.0,0.49712877000001754,0.1,1.0,,,,,,,,,,,,,,
GradientBoosting,n4k_seed0,3000,1000,0,0.841,5.098723490721601,4.358849564335852,0.7150250953719687,0.0,0.09073825880797276,0.5247828284238517,12.310421744636479,0.15604411410470811,1.100680511622941,0.8841518165297596,0.6155210872318244,2.0,,5.0,200.0,0.5285128020000229,0.1,0.8,,,,,,,,,,,,,,
GradientBoosting,n4k_seed0,3000,1000,0,0.848,5.201858836646597,4.462896544998331,0.5688719555741735,0.0,0.09074638670550016,0.512519532068452,12.065318375479036,0.1437237573173249,1.0823950492573777,0.8731653588468143,0.6032659187739522,2.0,,9.0,200.0,0.49372037699993143,0.1,1.0,,,,,,,,,,,,,,
GradientBoosting,n4k_seed0,3000,1000,0,0.849,5.230611856662335,4.446412499181588,0.814473395743931,0.0,0.09016185085736503,0.5283637252526283,12.37051152219986,0.1552838247529819,1.2195133042082678,0.8839887906529422,0.6185255761099934,2.0,,9.0,200.0,0.522932995999895,0.1,0.8,,,,,,,,,,,,,,
GradientBoosting,n4k_seed0,3000,1000,0,0.844,5.215789114545794,4.722335924571886,0.5566594706967454,0.0,0.09089232211195722,0.510208125260905,12.022008947457234,0.14779393641629968,1.0882762914807305,0.9096718494163406,0.6011004473728622,2.0,,20.0,200.0,0.49704205000000456,0.1,1.0,,,,,,,,,,,,,,
GradientBoosting,n4k_seed0,3000,1000,0,0.847,5.298004381153471,4.47565541527193,0.6876808235079436,0.0,0.09120999478721019,0.5202227816749068,12.22865552924233,0.1619950493930384,1.2235519649365596,0.8890702998405947,0.6114327764621169,2.0,,20.0,200.0,0.5250523109999676,0.1,0.8,,,,,,,,,,,,,,
GradientBoosting,n4k_seed0,3000,1000,0,0.845,5.1754941005173425,4.572759859078336,0.5615190822185157,0.0,0.09047046852558185,0.5150113463263439,12.109636297038506,0.14816503903164008,1.064711689793723,0.8970867228253682,0.6054818148519258,2.0,,40.0,200.0,0.496669352999902,0.1,1.0,,,,,,,,,,,,,,
GradientBoosting,n4k_seed0,3000,1000,0,0.855,5.297036112282269,4.473556001918758,0.6266038201825513,0.0,0.09010328414416945,0.51627618326439,12.12758934817118,0.1464318057568758,1.2274775780912983,0.8971553817632741,0.6063794674085594,2.0,,40.0,200.0,0.5231737660000135,0.1,0.8,,,,,,,,,,,,,,
GradientBoosting,n4k_seed0,3000,1000,0,0.842,5.105795170998723,4.970288169348346,0.4829726580159172,0.0,0.08939068347592743,0.5068009531981523,11.923832733481587,0.09724714369808117,0.8613296548620716,0.920568014470325,0.5961916366740798,3.0,,5.0,200.0,0.6303812160000462,0.1,1.0,,,,,,,,,,,,,,
GradientBoosting,n4k_seed0,3000,1000,0,0.828,5.078845676386287,4.1426450915147655,0.7875208451958826,0.0,0.08993917007016797,0.5280442577437094,12.359668556277537,0.10178652272226132,1.332527390904515,0.8723984119641908,0.6179834278138774,3.0,,5.0,200.0,0.6646982629999911,0.1,0.8,,,,,,,,,,,,,,
GradientBoosting,n4k_seed0,3000,1000,0,0.837,5.041732494128245,4.492146875268769,0.5349606506103888,0.0,0.08921429837214528,0.513993055357588,12.064147074594658,0.09682341020226572,0.9962109844493862,0.9053363114197137,0.6032073537297333,3.0,,9.0,200.0,0.662307258999931,0.1,1.0,,,,,,,,,,,,,,
GradientBoosting,n4k_seed0,3000,1000,0,0.827,5.072592799826669,4.205500496975377,0.782734988109956,0.0,0.0891875870147446,0.5315573706081492,12.414899152457863,0.09659571416879435,1.310935567634226,0.8553715792137535,0.6207449576228938,3.0,,9.0,200.0,0.6706626700000697,0.1,0.8,,,,,,,,,,,,,,
GradientBoosting,n4k_seed0,3000,1000,0,0.836,5.175361420351799,4.535289257923003,0.6014253563988574,0.0,0.08919769695009132,0.5166040436442739,12.116034811887298,0.09344393135322741,1.2548577903389846,0.8733047362570836,0.6058017405943652,3.0,,20.0,200.0,0.6581212030000643,0.1,1.0,,,,,,,,,,,,,,
GradientBoosting,n4k_seed0,3000,1000,0,0.829,5.401901336205066,4.364555317802855,0.850696938774563,0.0,0.08945646406737541,0.5469768398590505,12.728666078528509,0.09601869310935021,1.5749758001500545,0.8547922297531997,0.6364333039264259,3.0,,20.0,200.0,0.6703438609999921,0.1,0.8,,,,,,,,,,,,,,
GradientBoosting,n4k_seed0,3000,1000,0,0.831,5.48598589733599,4.434589071629953,0.8027471967224247,0.0,0.08895432165667529,0.5388946705338035,12.556979843809566,0.09494349240566687,1.6041242823230546,0.8688222852994644,0.6278489921904787,3.0,,40.0,200.0,0.6427718580000601,0.1,1.0,,,,,,,,,,,,,,
GradientBoosting,n4k_seed0,3000,1000,0,0.833,5.29993006273823,4.344988216779363,0.733001618415364,0.0,0.08911498519933145,0.5389440318135647,12.561180340257913,0.09416926815255691,1.4989030178112421,0.8556833573218302,0.6280590170128961,3.0,,40.0,200.0,0.6570160830000304,0.1,0.8,,,,,,,,,,,,,,
GradientBoosting,n4k_seed0,3000,1000,0,0.816,5.039617650881689,4.424568936435397,0.6268203232010826,0.0,0.09202574413417582,0.5091814655427039,12.024144193537586,0.1068061523338986,1.3426356610837185,0.8717307146863329,0.6012072096768798,5.0,,5.0,200.0,0.9313131180000482,0.1,1.0,,,,,,,,,,,,,,
GradientBoosting,n4k_seed0,3000,1000,0,0.815,5.083360453871928,4.001519574118929,0.9323701954581786,0.0,0.0911086459724442,0.5499935919614017,12.822044758676912,0.10276503015368385,1.6597338515318005,0.8086483783704005,0.6411022379338459,5.0,,5.0,200.0,1.004978737999977,0.1,0.8,,,,,,,,,,,,,,
GradientBoosting,n4k_seed0,3000,1000,0,0.818,5.264385320115599,4.137236111662396,0.9186997336555183,0.0,0.09048539808542767,0.5486484672797891,12.782677307304326,0.10103282601610777,1.6919816889514345,0.7621896794092883,0.6391338653652168,5.0,,9.0,200.0,1.0042307840000149,0.1,1.0,,,,,,,,,,,,,,
GradientBoosting,n4k_seed0,3000,1000,0,0.816,5.205440522637107,4.011205480463668,0.9574483608436438,0.0,0.09009187024018417,0.5624677834179845,13.051193073163361,0.09930951199822692,1.91314786983589,0.774097755571278,0.6525596536581687,5.0,,9.0,200.0,1.0164527079999743,0.1,0.8,,,,,,,,,,,,,,
GradientBoosting,n4k_seed0,3000,1000,0,0.816,5.3475514570944105,4.349593636480527,0.8358611032652897,0.0,0.09020234421001597,0.5386502211704395,12.577051307609102,0.099752117002524,1.6532719748349463,0.8294285988024648,0.6288525653804554,5.0,,20.0,200.0,0.9661751529999947,0.1,1.0,,,,,,,,,,,,,,
GradientBoosting,n4k_seed0,3000,1000,0,0.817,5.173755113911462,4.061340532507621,0.840124778262276,0.0,0.0899073501280988,0.5527290733763832,12.85272847008963,0.09723436879426409,1.7544796482893763,0.7954201245445667,0.642636423504482,5.0,,20.0,200.0,0.9923671239999976,0.1,0.8,,,,,,,,,,,,,,
GradientBoosting,n4k_seed0,3000,1000,0,0.819,5.342587600575243,4.1095201583781,0.8288692894139603,0.0,0.08933680471092788,0.540910702596014,12.60495014613883,0.09662848363310123,1.694518957908262,0.8636693823574833,0.6302475073069419,5.0,,40.0,200.0,0.954912901000057,0.1,1.0,,,,,,,,,,,,,,
GradientBoosting,n4k_seed0,3000,1000,0,0.823,5.102732137259901,3.927465492659709,0.7549521404749803,0.0,0.08941086599435659,0.5468983753512523,12.726184826912169,0.09609215414151416,1.612977498960875,0.8067802677064498,0.6363092413456088,5.0,,40.0,200.0,0.955819699000017,0.1,0.8,,,,,,,,,,,,,,
GB_search_pinball,n4k_seed0,3000,1000,0,0.835,5.124199072100308,4.835706058870775,0.4930423681098251,0.0,0.08949670999221007,0.5028743896015022,11.847421991874239,0.09735473087590728,0.8784038105211669,0.9340617040345437,0.5923710995937123,,,,,,,,,,0.8,200.0,5.0,40.0,3.0,0.2,1.0,200.0,10.0,20.0,2.0,0.05
GB_search_pinball_msl_ge20,n4k_seed0,3000,1000,0,0.851,5.2079792746125655,4.879672119978814,0.5218915060503938,0.0,0.0895978107033672,0.512774178639903,12.047439786865395,0.09477711519660692,0.9609562201289692,0.9303311477210329,0.6023719893432702,,,,,,,,,,0.8,200.0,5.0,30.0,3.0,0.1,1.0,100.0,5.0,80.0,3.0,0.05
RF_search_pinball,n4k_seed0,3000,1000,0,0.86,5.532309076371184,4.562674916797598,0.610268672651031,0.0,0.08777818700560909,0.510594246975645,11.967448679625074,0.09935255394297655,1.107259076144969,0.9374200755989699,0.5983724339812542,,,,,,,,,,,200.0,20.0,20.0,,,,200.0,2.0,80.0,6.0,
RF_search_pinball_msl_ge20,n4k_seed0,3000,1000,0,0.858,5.6142467211599225,4.4383250137064625,0.722702683691314,0.0,0.08777818700560909,0.5240826996720537,12.23721773355324,0.09935255394297655,1.380104552648057,0.9171939867430534,0.6118608866776628,,,,,,,,,,,200.0,20.0,20.0,,,,200.0,20.0,50.0,6.0,
HistGradientBoosting,n4k_seed0,3000,1000,0,0.871,5.391618815857298,4.653186538913789,0.5237875563877145,0.0,0.10052284308517694,0.5144628213874283,12.299713289452093,0.36574134861317054,0.9281945204110296,0.9117842295672745,0.6149856644726052,3.0,,9.0,,0.26525747200003025,0.05,,0.0,200.0,,,,,,,,,,,,
HistGradientBoosting,n4k_seed0,3000,1000,0,0.877,5.305313580381608,4.76743408723544,0.5281238193704508,0.0,0.09373027599559501,0.5136152288308251,12.14691009652839,0.23022858282783862,0.9753878962638329,0.9148202287412587,0.6073455048264201,3.0,,20.0,,0.25401265999994393,0.05,,0.0,200.0,,,,,,,,,,,,
HistGradientBoosting,n4k_seed0,3000,1000,0,0.88,5.250829934495327,4.8341270473782965,0.5442377670945285,0.0,0.08816984900726559,0.5190849700191248,12.145096380527798,0.12566383909174497,1.111610490846596,0.9012879962653739,0.6072548190263903,3.0,,40.0,,0.25471364200006974,0.05,,0.0,200.0,,,,,,,,,,,,
HistGradientBoosting,n4k_seed0,3000,1000,0,0.868,5.062004145584935,4.373584218398767,0.5962166011832992,0.0,0.08730247609397154,0.5270908730370076,12.287866982619576,0.09408093970500042,1.418535561685288,0.8479584040263869,0.6143933491309792,6.0,,9.0,,0.6132340620000605,0.05,,0.0,200.0,,,,,,,,,,,,
HistGradientBoosting,n4k_seed0,3000,1000,0,0.859,5.346760362452819,4.298171510512486,0.7674837782955286,0.0,0.08713094247582225,0.5367336550097035,12.477291949710507,0.09994569717125062,1.669820358302193,0.799170409899623,0.6238645974855257,6.0,,20.0,,0.5335374069999261,0.05,,0.0,200.0,,,,,,,,,,,,
HistGradientBoosting,n4k_seed0,3000,1000,0,0.871,5.2657073665318785,4.182794966579597,0.6695716487501269,0.0,0.0870432485174478,0.5325544419413564,12.391953809176073,0.10211093696902852,1.5267783425265558,0.8602025584536396,0.6195976904588042,6.0,,40.0,,0.5599224449999838,0.05,,0.0,200.0,,,,,,,,,,,,
HistGradientBoosting,n4k_seed0,3000,1000,0,0.847,4.9006577134723734,4.241406499974739,0.6500926250612159,0.0,0.08836991117768457,0.5356477242771875,12.480352709097433,0.12595004883431782,1.7418730654836991,0.7648343771479492,0.6240176354548721,,,9.0,,0.840026703000035,0.05,,0.0,200.0,,,,,,,,,,,,
HistGradientBoosting,n4k_seed0,3000,1000,0,0.849,5.445992734035848,4.006604724217132,1.0499666762621178,0.0,0.08840468168939457,0.5516242370683565,12.80057837515501,0.12419901857437353,2.2417515960976733,0.7778093459539328,0.640028918757751,,,20.0,,0.821867023999971,0.05,,0.0,200.0,,,,,,,,,,,,
HistGradientBoosting,n4k_seed0,3000,1000,0,0.855,5.245695395879789,3.9869584785039454,0.7427588508421621,0.0,0.08774543041840954,0.5386040960999566,12.526990530367314,0.10335709367092684,1.7544474095308533,0.8360184206436753,0.6263495265183662,,,40.0,,0.7860326110001097,0.05,,0.0,200.0,,,,,,,,,,,,
HistGradientBoosting,n4k_seed0,3000,1000,0,0.868,5.141872980517003,4.8051004407145195,0.5424539268171268,0.0,0.08674736022052619,0.5142634366128082,12.020215936666679,0.08719631019126192,0.9864168617206777,0.9297882940283806,0.6010107968333344,3.0,,9.0,,0.25312460399993597,0.1,,0.0,200.0,,,,,,,,,,,,
HistGradientBoosting,n4k_seed0,3000,1000,0,0.862,5.1765163294109975,4.989741705703044,0.5258986822110737,0.0,0.08718017067698758,0.5159652986864942,12.06290938726963,0.09160467354151883,1.0328568858068758,0.9155250699092506,0.6031454693634818,3.0,,20.0,,0.23722682899995107,0.1,,0.0,200.0,,,,,,,,,,,,
HistGradientBoosting,n4k_seed0,3000,1000,0,0.871,5.192456256872183,4.593056089197656,0.5661339835150622,0.0,0.08686663593643346,0.5230728045837566,12.19878881040379,0.09068613734636752,1.1941312531167918,0.8917250602890199,0.6099394405201901,3.0,,40.0,,0.24702332100002877,0.1,,0.0,200.0,,,,,,,,,,,,
HistGradientBoosting,n4k_seed0,3000,1000,0,0.857,5.125210256678705,4.222549792637714,0.6556135622844064,0.0,0.0876591005494734,0.5263065279194058,12.279312569377574,0.09042396946725069,1.55229487974634,0.8226831254168997,0.6139656284688793,6.0,,9.0,,0.5916322040000068,0.1,,0.0,200.0,,,,,,,,,,,,
HistGradientBoosting,n4k_seed0,3000,1000,0,0.84,5.265036673700227,4.121784217758734,0.794801794265261,0.0,0.08769156270715742,0.5405675076862799,12.565181407868737,0.09546235627267476,1.7964004235235984,0.7889778446543536,0.6282590703934373,6.0,,20.0,,0.5259242160000213,0.1,,0.0,200.0,,,,,,,,,,,,
HistGradientBoosting,n4k_seed0,3000,1000,0,0.856,5.289695846620476,4.18611935632694,0.7391851473822862,0.0,0.08674783087663052,0.5376854857042169,12.48866633161694,0.09514843597730191,1.7126421196495645,0.8381118712540562,0.6244333165808474,6.0,,40.0,,0.5067199430000073,0.1,,0.0,200.0,,,,,,,,,,,,
HistGradientBoosting,n4k_seed0,3000,1000,0,0.827,5.139778895609136,3.8004980718203463,0.9642023514949614,0.0,0.08794793067905311,0.5611319734879932,12.981598083340915,0.09929280758221784,2.3779095733623787,0.660008915823311,0.6490799041670463,,,9.0,,0.8403335579999975,0.1,,0.0,200.0,,,,,,,,,,,,
HistGradientBoosting,n4k_seed0,3000,1000,0,0.832,5.346905947204208,3.8224298792949254,1.124258358108163,0.0,0.08779133940899479,0.5550892569922966,12.857611928025817,0.1003098430871313,2.3770686664774017,0.74144574918546,0.6428805964012914,,,20.0,,0.824501588999965,0.1,,0.0,200.0,,,,,,,,,,,,
HistGradientBoosting,n4k_seed0,3000,1000,0,0.846,5.245149143699656,3.989282051705892,0.8049782882932306,0.0,0.08738245568868902,0.5423665124686539,12.594979363146846,0.09888903963098836,1.9018260182310083,0.8109658024039738,0.6297489681573429,,,40.0,,0.8438430709999238,0.1,,0.0,200.0,,,,,,,,,,,,
HistGradientBoosting,n4k_seed0,3000,1000,0,0.879,5.244651555324038,4.7946732200466675,0.5076064603422764,0.0,0.0888704852832609,0.5122250230694667,12.021910167054543,0.14468644564059263,0.9058333173538293,0.9307096626766501,0.6010955083527276,3.0,,9.0,,0.24406672400004936,0.05,,1.0,200.0,,,,,,,,,,,,
HistGradientBoosting,n4k_seed0,3000,1000,0,0.88,5.328734660508429,4.777520748812357,0.5330316225935993,0.0,0.0919668821807417,0.5132498865110117,12.104335373835056,0.203269629695525,0.9835663999625972,0.9113934156724286,0.6052167686917533,3.0,,20.0,,0.24212005799995495,0.05,,1.0,200.0,,,,,,,,,,,,
HistGradientBoosting,n4k_seed0,3000,1000,0,0.888,5.254703105257782,4.574394745812683,0.5521665092522744,0.0,0.08853713454758702,0.5190862999816638,12.152468690585005,0.13893911238150092,1.109706072201841,0.897439003762711,0.6076234345292508,3.0,,40.0,,0.24838372799990793,0.05,,1.0,200.0,,,,,,,,,,,,
HistGradientBoosting,n4k_seed0,3000,1000,0,0.867,5.143062781665247,4.324112260456518,0.6257172781429796,0.0,0.08822210588346821,0.525622571498212,12.276893547633595,0.12093594825932268,1.4419380649306155,0.8521671482096926,0.6138446773816802,6.0,,9.0,,0.5037003410000125,0.05,,1.0,200.0,,,,,,,,,,,,
HistGradientBoosting,n4k_seed0,3000,1000,0,0.86,5.391577629914245,4.342025680249748,0.879847066854877,0.0,0.08785373354310849,0.5376734378792154,12.510543428446468,0.11627522778657293,1.8236594480446506,0.8082669019945137,0.6255271714223238,6.0,,20.0,,0.5162711360000003,0.05,,1.0,200.0,,,,,,,,,,,,
HistGradientBoosting,n4k_seed0,3000,1000,0,0.87,5.280777708583795,4.16301854557413,0.6711139904345796,0.0,0.0877376824297944,0.5312095269905014,12.378944188405905,0.11805597507698894,1.5377114845292505,0.8555860347544766,0.6189472094202958,6.0,,40.0,,0.5126181919999908,0.05,,1.0,200.0,,,,,,,,,,,,
HistGradientBoosting,n4k_seed0,3000,1000,0,0.847,4.913601399145546,4.201935669723024,0.6671722610853118,0.0,0.08839340110910773,0.5302582064829711,12.373032151841569,0.1256320956523111,1.7766504834572256,0.7651890801661658,0.6186516075920788,,,9.0,,0.8214610449999782,0.05,,1.0,200.0,,,,,,,,,,,,
HistGradientBoosting,n4k_seed0,3000,1000,0,0.85,5.345880767546948,3.999930331941072,0.9459423586616311,0.0,0.08823968734845956,0.5462750152758338,12.690294052485857,0.12144713788736715,2.157688435158867,0.7742771837926115,0.6345147026242933,,,20.0,,0.8160727919999999,0.05,,1.0,200.0,,,,,,,,,,,,
HistGradientBoosting,n4k_seed0,3000,1000,0,0.862,5.2462567726658165,4.026233931186583,0.7250092881840237,0.0,0.08768482557000223,0.5367963172360349,12.489622856120734,0.11742066299444819,1.7002283237236218,0.8333703858164103,0.6244811428060372,,,40.0,,0.7621761010000228,0.05,,1.0,200.0,,,,,,,,,,,,
HistGradientBoosting,n4k_seed0,3000,1000,0,0.867,5.226059526748755,4.740824315796392,0.5641963019634901,0.0,0.08677161291878359,0.5155793040673363,12.04701833972239,0.08636176722730478,1.0480583214602377,0.9283744751665587,0.6023509169861199,3.0,,9.0,,0.22993184500001007,0.1,,1.0,200.0,,,,,,,,,,,,
HistGradientBoosting,n4k_seed0,3000,1000,0,0.872,5.179274965545263,4.811654051003203,0.5261970371313519,0.0,0.08676453787531523,0.5158729514693332,12.05274978689296,0.08613199168597993,1.0622222723097183,0.9116792894983504,0.6026374893446484,3.0,,20.0,,0.23551918299995123,0.1,,1.0,200.0,,,,,,,,,,,,
HistGradientBoosting,n4k_seed0,3000,1000,0,0.866,5.1454839590193675,4.442895021754987,0.5795176235210029,0.0,0.08677749682224052,0.5241154205335122,12.217858347115046,0.0863229347509487,1.2149901607406692,0.8847594201712256,0.6108929173557528,3.0,,40.0,,0.23748137899997346,0.1,,1.0,200.0,,,,,,,,,,,,
HistGradientBoosting,n4k_seed0,3000,1000,0,0.854,5.086089581500637,4.296025484847529,0.7097967808129443,0.0,0.0875729606188774,0.5258416727050048,12.268292666477635,0.09257630707801308,1.5433483150034257,0.8412674763322626,0.6134146333238822,6.0,,9.0,,0.4635826719999159,0.1,,1.0,200.0,,,,,,,,,,,,
HistGradientBoosting,n4k_seed0,3000,1000,0,0.85,5.344285048716749,4.458310716477706,0.9900902987188761,0.0,0.08716594339115216,0.5437289804264794,12.617898476352623,0.09122629626497962,1.8467302235041554,0.7994348003675953,0.6308949238176316,6.0,,20.0,,0.4801219589999164,0.1,,1.0,200.0,,,,,,,,,,,,
HistGradientBoosting,n4k_seed0,3000,1000,0,0.853,5.325138230442989,4.1733568155562475,0.7521437062906797,0.0,0.0867151446398236,0.5384439464185485,12.503181821167432,0.08980321667703259,1.7359977513269,0.8403756419872533,0.6251590910583722,6.0,,40.0,,0.48097742400000243,0.1,,1.0,200.0,,,,,,,,,,,,
HistGradientBoosting,n4k_seed0,3000,1000,0,0.829,5.04831718056073,3.79711352555262,0.7939797396550962,0.0,0.08789719980325868,0.553098332899454,12.819910654054247,0.09939973906527672,2.1586480469497693,0.6730532762610083,0.6409955327027127,,,9.0,,0.8409948250000525,0.1,,1.0,200.0,,,,,,,,,,,,
HistGradientBoosting,n4k_seed0,3000,1000,0,0.83,5.316666284265138,3.8296078508007265,1.108385568929784,0.0,0.0874514543777341,0.5554096531466971,12.857222150488615,0.09505048360830858,2.37971133336168,0.736924190825823,0.6428611075244313,,,20.0,,0.8195410089999768,0.1,,1.0,200.0,,,,,,,,,,,,
HistGradientBoosting,n4k_seed0,3000,1000,0,0.842,5.212188271049783,3.9561586834024887,0.7727183801139542,0.0,0.08709360323635153,0.5410317073378398,12.562506211483814,0.09313725129159464,1.8443325248545093,0.8023978710741648,0.6281253105741913,,,40.0,,0.7941902870001059,0.1,,1.0,200.0,,,,,,,,,,,,
HonestRF,n4k_seed0,3000,1000,0,0.536,3.790816820950399,2.215268449979907,1.019401906133866,0.0,0.27246494251906017,0.7179486350547872,19.80827155147693,1.2729175192437565,3.4448056604909953,0.14966454489146996,0.9904135775738474,,1.0,1.0,200.0,6.658349412000007,,,,,,,,,,,,,,,,
HonestRF,n4k_seed0,3000,1000,0,0.826,4.172141162740792,3.4068952531783387,0.5757988866516617,0.0,0.08817408945915335,0.5309280970302702,12.382043729788462,0.10847749256632847,1.5548313575663066,0.8428036557838744,0.6191021864894236,,1.0,9.0,200.0,1.19615443400005,,,,,,,,,,,,,,,,
HonestRF,n4k_seed0,3000,1000,0,0.881,4.745328672454038,3.9001440222688606,0.529055449093954,0.0,0.09327178162535188,0.5186098957587396,12.237633547681822,0.23045650789239078,1.0651814800366812,0.9290623549111449,0.6118816773840915,,1.0,20.0,200.0,0.7486124419999669,,,,,,,,,,,,,,,,
HonestRF,n4k_seed0,3000,1000,0,0.905,5.409653643671651,4.166182125354425,0.5233359176302441,0.0,0.11137598275006638,0.514050572370478,12.508531102410878,0.59584839160986,0.8194679279126992,0.9609289288560864,0.6254265551205445,,1.0,40.0,200.0,0.5627927879999106,,,,,,,,,,,,,,,,
GB_example_defaults,n4k_seed0,3000,1000,0,0.862,6.052372242163779,4.764913261100637,0.5513392945014501,0.0,0.13196565671410798,0.5036226255359871,12.711765645001895,0.940048568107528,0.9172277784566778,0.8533541781160449,0.6355882822500951,,,,,0.4992306460000009,,,,,,,,,,,,,,,,
RF_example_defaults,n4k_seed0,3000,1000,0,0.783,5.3237287908776745,3.7702467788342116,0.9718827011308702,0.0,0.09206527749967987,0.5729954820814108,13.301215191621802,0.12111542600443635,2.110655020318214,0.7782355284251038,0.6650607595810907,,,,,2.5862282479999976,,,,,,,,,,,,,,,,
