family,fold,constraint_ok,n_feasible_low,n_feasible_high,cv_half_low,cv_half_high,half_coverage_low,half_coverage_high,low_params,high_params,elapsed_s,coverage,mean_width,median_width,width_cv,crossing_rate,pinball_low,pinball_high,winkler,mae_low_oracle,mae_high_oracle,width_oracle_spearman,interval_score_sum_pinball,pinball_sum
oracle,0,True,,,,,0.95,0.9525,,,0.0,0.9025,5.5477448314228255,4.934539378010525,0.5026123443426043,0.0,0.08329223302986502,0.4818664884797769,11.303174430192831,0.0,0.0,1.0,0.565158721509642,0.565158721509642
constant_marginal,0,True,,,,,0.94125,0.945,,,0.0,0.88625,13.106161087479448,13.106161087479443,4.066080435476489e-16,0.0,0.3531421352888611,0.6563329200851936,20.18950110748109,4.899084170599127,4.9824491144832495,0.0,1.0094750553740548,1.0094750553740548
RandomForest,0,True,13.0,4.0,0.9674984306616189,0.9512476459924285,0.95875,0.9525,"{""n_estimators"": 200, ""min_samples_split"": 10, ""min_samples_leaf"": 50, ""max_depth"": null}","{""n_estimators"": 200, ""min_samples_split"": 2, ""min_samples_leaf"": 120, ""max_depth"": 6}",51.50691947099949,0.91125,5.500346260030901,4.912010412218523,0.5003441902261203,0.0,0.09388693170260404,0.4900659552340669,11.679057738733409,0.2376212358068826,0.7157067094670149,0.9579263434728407,0.5839528869366709,0.5839528869366709
ExtraTrees,0,True,16.0,16.0,0.9890624001763052,0.9574986240814756,0.985,0.95625,"{""n_estimators"": 200, ""min_samples_split"": 10, ""min_samples_leaf"": 9, ""max_depth"": 12}","{""n_estimators"": 200, ""min_samples_split"": 2, ""min_samples_leaf"": 20, ""max_depth"": null}",39.984106028001406,0.94125,6.391119183313067,5.6405419708751054,0.547802924284003,0.0,0.1054382983963442,0.49471350110746715,12.003035990076217,0.49537270002511263,0.9958768378798739,0.9702748109138464,0.6001517995038114,0.6001517995038114
GradientBoosting,0,True,14.0,14.0,0.9546831929281012,0.9553109282805033,0.95,0.95375,"{""subsample"": 0.8, ""n_estimators"": 30, ""min_samples_leaf"": 9, ""max_depth"": 3, ""learning_rate"": 0.1}","{""subsample"": 0.8, ""n_estimators"": 50, ""min_samples_leaf"": 40, ""max_depth"": 3, ""learning_rate"": 0.05}",21.575716909999755,0.90375,7.896815366253179,6.0533605994701745,0.5196095258782776,0.0,0.19247927926705366,0.4931588823944303,13.712763233229671,2.1820927640230794,1.2519910699539556,0.8096081038171282,0.685638161661484,0.685638161661484
HistGradientBoosting,0,True,10.0,1.0,0.9534382723972867,0.9571865147676061,0.9525,0.95375,"{""min_samples_leaf"": 9, ""max_iter"": 50, ""max_depth"": 6, ""learning_rate"": 0.1, ""l2_regularization"": 0.0}","{""min_samples_leaf"": 20, ""max_iter"": 50, ""max_depth"": 3, ""learning_rate"": 0.05, ""l2_regularization"": 1.0}",18.376044769000146,0.90625,6.231525831638772,5.814549201259824,0.4846566195917589,0.0,0.11273197481878945,0.49689497208335837,12.192538938042947,0.5963392969596657,1.1615346934577253,0.9071199229312462,0.6096269469021478,0.6096269469021478
HonestRF,0,True,11.0,3.0,0.9518727438013332,0.9503086805073228,0.94125,0.95,"{""n_estimators"": 200, ""min_samples_leaf"": 20, ""max_depth"": 12, ""honest_fraction"": 0.4}","{""n_estimators"": 200, ""min_samples_leaf"": 80, ""max_depth"": 6, ""honest_fraction"": 0.4}",32.10095979899961,0.89125,5.443662939587,4.984291509645299,0.5160656695693324,0.0,0.09191615721398522,0.48150586481255586,11.468440440530815,0.18281905483760177,0.431237743012051,0.9869237660941889,0.5734220220265411,0.5734220220265411
oracle,1,True,,,,,0.9375,0.9475,,,0.0,0.885,5.334812255106885,4.777418305681417,0.5246855943804986,0.0,0.08018624805235407,0.4711561845496318,11.026848652039707,0.0,0.0,1.0,0.5513424326019859,0.5513424326019859
constant_marginal,1,True,,,,,0.9575,0.955,,,0.0,0.9125,13.194641747233051,13.194641747233053,1.346271367900248e-16,0.0,0.341481286342271,0.6857936289060907,20.54549830496722,5.0700061395000775,5.006538461232441,0.0,1.0272749152483618,1.0272749152483618
RandomForest,1,True,14.0,5.0,0.965626067838791,0.9509372950408906,0.965,0.95125,"{""n_estimators"": 200, ""min_samples_split"": 2, ""min_samples_leaf"": 50, ""max_depth"": 12}","{""n_estimators"": 200, ""min_samples_split"": 10, ""min_samples_leaf"": 120, ""max_depth"": 6}",49.81886191600097,0.91625,5.340530528622,4.724921923526612,0.5214173150221899,0.0,0.08840138530276814,0.4775491323245884,11.319010352547123,0.23292644259907988,0.45245776068979454,0.9882433604372195,0.5659505176273565,0.5659505176273565
ExtraTrees,1,True,16.0,16.0,0.9875009744257922,0.9556242098359272,0.985,0.95625,"{""n_estimators"": 200, ""min_samples_split"": 10, ""min_samples_leaf"": 9, ""max_depth"": 12}","{""n_estimators"": 200, ""min_samples_split"": 2, ""min_samples_leaf"": 9, ""max_depth"": 6}",41.06058198000028,0.94125,5.858952401590853,5.789114593802767,0.5582046429477578,0.0,0.09156667779559656,0.47134344856016414,11.258202527115207,0.3047856150258244,0.6963572875388008,0.9779033735697673,0.5629101263557607,0.5629101263557607
GradientBoosting,1,True,6.0,5.0,0.9506204967608035,0.9543743072785064,0.9525,0.95375,"{""subsample"": 1.0, ""n_estimators"": 50, ""min_samples_leaf"": 40, ""max_depth"": 2, ""learning_rate"": 0.1}","{""subsample"": 0.8, ""n_estimators"": 50, ""min_samples_leaf"": 40, ""max_depth"": 5, ""learning_rate"": 0.05}",34.866241709998576,0.90625,7.522001178219646,5.917311303595952,0.49620031133886067,0.0,0.19435945281365682,0.4929744628644002,13.746678313561134,2.3178313998843745,1.2510779944387158,0.7629651272318131,0.687333915678057,0.687333915678057
HistGradientBoosting,1,True,14.0,2.0,0.9587502850012278,0.9568755776952912,0.96,0.9525,"{""min_samples_leaf"": 40, ""max_iter"": 100, ""max_depth"": 6, ""learning_rate"": 0.05, ""l2_regularization"": 0.0}","{""min_samples_leaf"": 40, ""max_iter"": 50, ""max_depth"": 3, ""learning_rate"": 0.05, ""l2_regularization"": 0.0}",16.193406905998927,0.9125,5.6527350981100835,5.295476359853067,0.43170396410236683,0.0,0.09748923159044345,0.48482160495375326,11.646216730883925,0.40565987292107764,1.0388338010264178,0.9193651640557219,0.5823108365441967,0.5823108365441967
HonestRF,1,True,13.0,5.0,0.9681261660140211,0.9506225481835239,0.95375,0.95,"{""n_estimators"": 200, ""min_samples_leaf"": 20, ""max_depth"": null, ""honest_fraction"": 0.5}","{""n_estimators"": 200, ""min_samples_leaf"": 80, ""max_depth"": null, ""honest_fraction"": 0.4}",28.039681866999672,0.90375,5.249502852745348,4.979489348645239,0.5336782742305354,0.0,0.0858413048808761,0.4812084439687984,11.340994976993478,0.16571500133950806,0.4622532686920633,0.9856599271369131,0.5670497488496745,0.5670497488496745
oracle,2,True,,,,,0.9575,0.94375,,,0.0,0.90125,5.64427278650933,5.13207982491463,0.49541763076864637,0.0,0.08757331722745644,0.5118506763360664,11.988479871270448,0.0,0.0,1.0,0.5994239935635228,0.5994239935635228
constant_marginal,2,True,,,,,0.95125,0.94375,,,0.0,0.895,13.133380060284992,13.133380060284992,0.0,0.0,0.34838924633242563,0.6851531429031568,20.670847784711633,4.90317490503912,5.180450428855163,0.0,1.0335423892355824,1.0335423892355824
RandomForest,2,False,13.0,0.0,0.9637504813516884,0.9446871961330094,0.9625,0.9425,"{""n_estimators"": 200, ""min_samples_split"": 10, ""min_samples_leaf"": 50, ""max_depth"": null}","{""n_estimators"": 200, ""min_samples_split"": 10, ""min_samples_leaf"": 50, ""max_depth"": 6}",50.385218928999166,0.905,5.962881768838859,4.379839465153822,0.6823925281271777,0.0,0.09662978105882049,0.5292108092873918,12.516811806924236,0.21675957341597318,1.3236450820975634,0.9377562437433756,0.6258405903462123,0.6258405903462123
ExtraTrees,2,True,16.0,16.0,0.9896877910455985,0.956249307644832,0.995,0.95,"{""n_estimators"": 200, ""min_samples_split"": 2, ""min_samples_leaf"": 9, ""max_depth"": 12}","{""n_estimators"": 200, ""min_samples_split"": 10, ""min_samples_leaf"": 9, ""max_depth"": 6}",40.92901912900015,0.945,6.107829698783863,5.95182998706166,0.5074910638745999,0.0,0.1006696151190681,0.5171071107083659,12.355534516548673,0.31896384195822364,0.7872449223656556,0.9704830648410819,0.617776725827434,0.617776725827434
GradientBoosting,2,True,10.0,7.0,0.9559328024251332,0.9518742091032762,0.95875,0.94125,"{""subsample"": 0.8, ""n_estimators"": 30, ""min_samples_leaf"": 40, ""max_depth"": 5, ""learning_rate"": 0.1}","{""subsample"": 0.8, ""n_estimators"": 30, ""min_samples_leaf"": 9, ""max_depth"": 3, ""learning_rate"": 0.1}",29.62972443599938,0.9,7.501675398713998,6.219652873812267,0.4953198989613521,0.0,0.18873012436363346,0.52221592806504,14.218921048573462,2.0268999260123324,1.0911826387590375,0.8409643857719238,0.7109460524286735,0.7109460524286735
HistGradientBoosting,2,True,12.0,4.0,0.9528093648033301,0.9528122954072162,0.9675,0.9475,"{""min_samples_leaf"": 20, ""max_iter"": 100, ""max_depth"": 6, ""learning_rate"": 0.05, ""l2_regularization"": 0.0}","{""min_samples_leaf"": 20, ""max_iter"": 50, ""max_depth"": 3, ""learning_rate"": 0.05, ""l2_regularization"": 1.0}",17.21958792300029,0.915,6.264694301291354,6.076412150201622,0.44292100308724636,0.0,0.11356673223992718,0.5188102165027884,12.647538974854303,0.5634391605886624,1.0810794557208774,0.8872096758920653,0.6323769487427156,0.6323769487427156
HonestRF,2,True,11.0,4.0,0.9659390563338262,0.9503113180508201,0.97,0.93875,"{""n_estimators"": 200, ""min_samples_leaf"": 20, ""max_depth"": null, ""honest_fraction"": 0.5}","{""n_estimators"": 200, ""min_samples_leaf"": 80, ""max_depth"": null, ""honest_fraction"": 0.4}",31.8173628020013,0.90875,5.419023272422979,4.764102889461665,0.49506353786614465,0.0,0.0942794302312811,0.5267092717430063,12.419774039485738,0.1800992353739968,0.5278040756821545,0.9848057208201058,0.6209887019742875,0.6209887019742875
oracle,3,True,,,,,0.94,0.9575,,,0.0,0.8975,5.682218809950605,5.096930719661792,0.49191547302777994,0.0,0.07729709519264188,0.4104909851410551,9.755761606673932,0.0,0.0,1.0,0.48778808033369697,0.48778808033369697
constant_marginal,3,True,,,,,0.9425,0.9525,,,0.0,0.895,13.152559856150626,13.152559856150628,1.350578791374536e-16,0.0,0.34475135082878283,0.6315719928719726,19.526466874015096,5.016539817888349,5.165941392712896,0.0,0.9763233437007555,0.9763233437007555
RandomForest,3,True,12.0,6.0,0.9690627870160181,0.9534379793368982,0.9525,0.96,"{""n_estimators"": 200, ""min_samples_split"": 10, ""min_samples_leaf"": 50, ""max_depth"": 12}","{""n_estimators"": 200, ""min_samples_split"": 10, ""min_samples_leaf"": 120, ""max_depth"": 12}",53.17197744399891,0.9125,5.946721269594641,5.144922720104891,0.5406578841723961,0.0,0.08743318463418,0.4216303426229413,10.18127054514242,0.22691751421220738,0.643580922397031,0.9768701312707732,0.5090635272571213,0.5090635272571213
ExtraTrees,3,True,16.0,16.0,0.9912512682188317,0.9559374913913512,0.98875,0.96,"{""n_estimators"": 200, ""min_samples_split"": 10, ""min_samples_leaf"": 9, ""max_depth"": 12}","{""n_estimators"": 200, ""min_samples_split"": 2, ""min_samples_leaf"": 9, ""max_depth"": 6}",41.041040404999876,0.94875,6.479931572369297,6.371996257482397,0.5259062608989672,0.0,0.09483624105705836,0.420264213932173,10.302009099784618,0.4256726546931674,0.874326715159219,0.9745411531601759,0.5151004549892314,0.5151004549892314
GradientBoosting,3,True,11.0,12.0,0.9546867096527646,0.9509375881012794,0.97125,0.9625,"{""subsample"": 1.0, ""n_estimators"": 30, ""min_samples_leaf"": 20, ""max_depth"": 3, ""learning_rate"": 0.1}","{""subsample"": 0.8, ""n_estimators"": 30, ""min_samples_leaf"": 40, ""max_depth"": 3, ""learning_rate"": 0.1}",26.480639491999682,0.93375,8.096239340929415,6.897500150546032,0.5304925026807332,0.0,0.18491857578426896,0.42426007456870485,12.183573007059467,2.2246196954296376,1.1821110858396613,0.8704493910600815,0.6091786503529738,0.6091786503529738
HistGradientBoosting,3,True,14.0,2.0,0.9587502850012278,0.9546870027131531,0.96375,0.96375,"{""min_samples_leaf"": 20, ""max_iter"": 100, ""max_depth"": 6, ""learning_rate"": 0.05, ""l2_regularization"": 0.0}","{""min_samples_leaf"": 40, ""max_iter"": 50, ""max_depth"": 3, ""learning_rate"": 0.05, ""l2_regularization"": 1.0}",18.26619206599935,0.9275,6.529466892316935,6.227780043906272,0.4678348974130435,0.0,0.10724761122096634,0.4236574454366541,10.618101133152402,0.6479088066995919,1.1532881953972693,0.9022944052661327,0.5309050566576204,0.5309050566576204
HonestRF,3,True,13.0,4.0,0.9515638581517386,0.9506240134854669,0.94375,0.95375,"{""n_estimators"": 200, ""min_samples_leaf"": 20, ""max_depth"": null, ""honest_fraction"": 0.4}","{""n_estimators"": 200, ""min_samples_leaf"": 80, ""max_depth"": 6, ""honest_fraction"": 0.4}",32.089208655999755,0.8975,5.672735777091698,4.916317917399763,0.5389376716301807,0.0,0.08279810092555052,0.42368973573530533,10.129756733217109,0.1381695658180038,0.5751056798481179,0.9844939165397786,0.5064878366608558,0.5064878366608558
oracle,4,True,,,,,0.9375,0.95625,,,0.0,0.89375,5.544588290400265,5.031582195962397,0.49234540387314096,0.0,0.07284966760489762,0.34490724879332335,8.355138327964415,0.0,0.0,1.0,0.417756916398221,0.417756916398221
constant_marginal,4,True,,,,,0.95375,0.95125,,,0.0,0.905,13.174746595473833,13.17474659547383,2.696608737826321e-16,0.0,0.3394557917695066,0.5469135118795955,17.727386072982036,4.972907471845866,5.206235003557526,0.0,0.886369303649102,0.886369303649102
RandomForest,4,True,13.0,2.0,0.9690627870160181,0.9512491112943716,0.9625,0.95625,"{""n_estimators"": 200, ""min_samples_split"": 2, ""min_samples_leaf"": 50, ""max_depth"": null}","{""n_estimators"": 200, ""min_samples_split"": 10, ""min_samples_leaf"": 120, ""max_depth"": 12}",53.19940179900004,0.91875,5.8169086011387945,4.683433914478478,0.5434339557733092,0.0,0.08176649049308865,0.3589361360886322,8.814052531634411,0.21263789009195136,0.6512234238286382,0.9750554147766031,0.4407026265817208,0.4407026265817208
ExtraTrees,4,True,16.0,16.0,0.9903134749752803,0.9590615151339316,0.98625,0.96375,"{""n_estimators"": 200, ""min_samples_split"": 10, ""min_samples_leaf"": 9, ""max_depth"": 12}","{""n_estimators"": 200, ""min_samples_split"": 10, ""min_samples_leaf"": 9, ""max_depth"": 6}",39.83021973799987,0.95,6.444202587702664,6.555527914742795,0.5444560462653253,0.0,0.08745535939054278,0.36845148503038716,9.118136888418594,0.3585317189015339,0.8896436111427587,0.9709745166320927,0.45590684442092994,0.45590684442092994
GradientBoosting,4,True,12.0,8.0,0.9509355366785591,0.9521863184171457,0.95125,0.96375,"{""subsample"": 0.8, ""n_estimators"": 30, ""min_samples_leaf"": 20, ""max_depth"": 5, ""learning_rate"": 0.1}","{""subsample"": 1.0, ""n_estimators"": 30, ""min_samples_leaf"": 40, ""max_depth"": 3, ""learning_rate"": 0.1}",28.171242843000073,0.915,7.88109686051651,6.342457109715932,0.5415505278221279,0.0,0.17269088447375178,0.3625710976411871,10.705239642298771,2.0257372443549966,1.2304384453979207,0.8801034023150711,0.5352619821149389,0.5352619821149389
HistGradientBoosting,4,True,10.0,1.0,0.9534362209745665,0.9568735262725707,0.9525,0.9625,"{""min_samples_leaf"": 40, ""max_iter"": 100, ""max_depth"": null, ""learning_rate"": 0.05, ""l2_regularization"": 0.0}","{""min_samples_leaf"": 20, ""max_iter"": 50, ""max_depth"": 3, ""learning_rate"": 0.05, ""l2_regularization"": 1.0}",17.72220439800003,0.915,6.6077979023656646,6.397322243339961,0.5039161366896185,0.0,0.10351081620004349,0.36742978101042056,9.418811944209274,0.6426191377465392,1.2956716308891014,0.8992697676085892,0.47094059721046405,0.47094059721046405
HonestRF,4,True,10.0,2.0,0.9503127833527633,0.952497841610238,0.95,0.95625,"{""n_estimators"": 200, ""min_samples_leaf"": 20, ""max_depth"": null, ""honest_fraction"": 0.4}","{""n_estimators"": 200, ""min_samples_leaf"": 80, ""max_depth"": 6, ""honest_fraction"": 0.4}",34.915293534999364,0.90625,5.661517681375924,5.151767959807018,0.5379096934563748,0.0,0.0778263903164871,0.3527339181720779,8.611206169771295,0.13923984826672353,0.416548590267852,0.9907897188194764,0.43056030848856497,0.43056030848856497
