family,fold,tail,constraint_ok,n_feasible,n_candidates,cv_mean_half_coverage,outer_half_coverage,outer_pinball,best_params
RandomForest,0,low,True,13,24,0.9674984306616189,0.95875,0.09388693170260404,"{""n_estimators"": 200, ""min_samples_split"": 10, ""min_samples_leaf"": 50, ""max_depth"": null}"
RandomForest,0,high,True,4,24,0.9512476459924285,0.9525,0.4900659552340669,"{""n_estimators"": 200, ""min_samples_split"": 2, ""min_samples_leaf"": 120, ""max_depth"": 6}"
ExtraTrees,0,low,True,16,16,0.9890624001763052,0.985,0.1054382983963442,"{""n_estimators"": 200, ""min_samples_split"": 10, ""min_samples_leaf"": 9, ""max_depth"": 12}"
ExtraTrees,0,high,True,16,16,0.9574986240814756,0.95625,0.49471350110746715,"{""n_estimators"": 200, ""min_samples_split"": 2, ""min_samples_leaf"": 20, ""max_depth"": null}"
GradientBoosting,0,low,True,14,40,0.9546831929281012,0.95,0.19247927926705366,"{""subsample"": 0.8, ""n_estimators"": 30, ""min_samples_leaf"": 9, ""max_depth"": 3, ""learning_rate"": 0.1}"
GradientBoosting,0,high,True,14,40,0.9553109282805033,0.95375,0.4931588823944303,"{""subsample"": 0.8, ""n_estimators"": 50, ""min_samples_leaf"": 40, ""max_depth"": 3, ""learning_rate"": 0.05}"
HistGradientBoosting,0,low,True,10,36,0.9534382723972867,0.9525,0.11273197481878945,"{""min_samples_leaf"": 9, ""max_iter"": 50, ""max_depth"": 6, ""learning_rate"": 0.1, ""l2_regularization"": 0.0}"
HistGradientBoosting,0,high,True,1,36,0.9571865147676061,0.95375,0.49689497208335837,"{""min_samples_leaf"": 20, ""max_iter"": 50, ""max_depth"": 3, ""learning_rate"": 0.05, ""l2_regularization"": 1.0}"
HonestRF,0,low,True,11,16,0.9518727438013332,0.94125,0.09191615721398522,"{""n_estimators"": 200, ""min_samples_leaf"": 20, ""max_depth"": 12, ""honest_fraction"": 0.4}"
HonestRF,0,high,True,3,16,0.9503086805073228,0.95,0.48150586481255586,"{""n_estimators"": 200, ""min_samples_leaf"": 80, ""max_depth"": 6, ""honest_fraction"": 0.4}"
RandomForest,1,low,True,14,24,0.965626067838791,0.965,0.08840138530276814,"{""n_estimators"": 200, ""min_samples_split"": 2, ""min_samples_leaf"": 50, ""max_depth"": 12}"
RandomForest,1,high,True,5,24,0.9509372950408906,0.95125,0.4775491323245884,"{""n_estimators"": 200, ""min_samples_split"": 10, ""min_samples_leaf"": 120, ""max_depth"": 6}"
ExtraTrees,1,low,True,16,16,0.9875009744257922,0.985,0.09156667779559656,"{""n_estimators"": 200, ""min_samples_split"": 10, ""min_samples_leaf"": 9, ""max_depth"": 12}"
ExtraTrees,1,high,True,16,16,0.9556242098359272,0.95625,0.47134344856016414,"{""n_estimators"": 200, ""min_samples_split"": 2, ""min_samples_leaf"": 9, ""max_depth"": 6}"
GradientBoosting,1,low,True,6,40,0.9506204967608035,0.9525,0.19435945281365682,"{""subsample"": 1.0, ""n_estimators"": 50, ""min_samples_leaf"": 40, ""max_depth"": 2, ""learning_rate"": 0.1}"
GradientBoosting,1,high,True,5,40,0.9543743072785064,0.95375,0.4929744628644002,"{""subsample"": 0.8, ""n_estimators"": 50, ""min_samples_leaf"": 40, ""max_depth"": 5, ""learning_rate"": 0.05}"
HistGradientBoosting,1,low,True,14,36,0.9587502850012278,0.96,0.09748923159044345,"{""min_samples_leaf"": 40, ""max_iter"": 100, ""max_depth"": 6, ""learning_rate"": 0.05, ""l2_regularization"": 0.0}"
HistGradientBoosting,1,high,True,2,36,0.9568755776952912,0.9525,0.48482160495375326,"{""min_samples_leaf"": 40, ""max_iter"": 50, ""max_depth"": 3, ""learning_rate"": 0.05, ""l2_regularization"": 0.0}"
HonestRF,1,low,True,13,16,0.9681261660140211,0.95375,0.0858413048808761,"{""n_estimators"": 200, ""min_samples_leaf"": 20, ""max_depth"": null, ""honest_fraction"": 0.5}"
HonestRF,1,high,True,5,16,0.9506225481835239,0.95,0.4812084439687984,"{""n_estimators"": 200, ""min_samples_leaf"": 80, ""max_depth"": null, ""honest_fraction"": 0.4}"
RandomForest,2,low,True,13,24,0.9637504813516884,0.9625,0.09662978105882049,"{""n_estimators"": 200, ""min_samples_split"": 10, ""min_samples_leaf"": 50, ""max_depth"": null}"
RandomForest,2,high,False,0,24,0.9446871961330094,0.9425,0.5292108092873918,"{""n_estimators"": 200, ""min_samples_split"": 10, ""min_samples_leaf"": 50, ""max_depth"": 6}"
ExtraTrees,2,low,True,16,16,0.9896877910455985,0.995,0.1006696151190681,"{""n_estimators"": 200, ""min_samples_split"": 2, ""min_samples_leaf"": 9, ""max_depth"": 12}"
ExtraTrees,2,high,True,16,16,0.956249307644832,0.95,0.5171071107083659,"{""n_estimators"": 200, ""min_samples_split"": 10, ""min_samples_leaf"": 9, ""max_depth"": 6}"
GradientBoosting,2,low,True,10,40,0.9559328024251332,0.95875,0.18873012436363346,"{""subsample"": 0.8, ""n_estimators"": 30, ""min_samples_leaf"": 40, ""max_depth"": 5, ""learning_rate"": 0.1}"
GradientBoosting,2,high,True,7,40,0.9518742091032762,0.94125,0.52221592806504,"{""subsample"": 0.8, ""n_estimators"": 30, ""min_samples_leaf"": 9, ""max_depth"": 3, ""learning_rate"": 0.1}"
HistGradientBoosting,2,low,True,12,36,0.9528093648033301,0.9675,0.11356673223992718,"{""min_samples_leaf"": 20, ""max_iter"": 100, ""max_depth"": 6, ""learning_rate"": 0.05, ""l2_regularization"": 0.0}"
HistGradientBoosting,2,high,True,4,36,0.9528122954072162,0.9475,0.5188102165027884,"{""min_samples_leaf"": 20, ""max_iter"": 50, ""max_depth"": 3, ""learning_rate"": 0.05, ""l2_regularization"": 1.0}"
HonestRF,2,low,True,11,16,0.9659390563338262,0.97,0.0942794302312811,"{""n_estimators"": 200, ""min_samples_leaf"": 20, ""max_depth"": null, ""honest_fraction"": 0.5}"
HonestRF,2,high,True,4,16,0.9503113180508201,0.93875,0.5267092717430063,"{""n_estimators"": 200, ""min_samples_leaf"": 80, ""max_depth"": null, ""honest_fraction"": 0.4}"
RandomForest,3,low,True,12,24,0.9690627870160181,0.9525,0.08743318463418,"{""n_estimators"": 200, ""min_samples_split"": 10, ""min_samples_leaf"": 50, ""max_depth"": 12}"
RandomForest,3,high,True,6,24,0.9534379793368982,0.96,0.4216303426229413,"{""n_estimators"": 200, ""min_samples_split"": 10, ""min_samples_leaf"": 120, ""max_depth"": 12}"
ExtraTrees,3,low,True,16,16,0.9912512682188317,0.98875,0.09483624105705836,"{""n_estimators"": 200, ""min_samples_split"": 10, ""min_samples_leaf"": 9, ""max_depth"": 12}"
ExtraTrees,3,high,True,16,16,0.9559374913913512,0.96,0.420264213932173,"{""n_estimators"": 200, ""min_samples_split"": 2, ""min_samples_leaf"": 9, ""max_depth"": 6}"
GradientBoosting,3,low,True,11,40,0.9546867096527646,0.97125,0.18491857578426896,"{""subsample"": 1.0, ""n_estimators"": 30, ""min_samples_leaf"": 20, ""max_depth"": 3, ""learning_rate"": 0.1}"
GradientBoosting,3,high,True,12,40,0.9509375881012794,0.9625,0.42426007456870485,"{""subsample"": 0.8, ""n_estimators"": 30, ""min_samples_leaf"": 40, ""max_depth"": 3, ""learning_rate"": 0.1}"
HistGradientBoosting,3,low,True,14,36,0.9587502850012278,0.96375,0.10724761122096634,"{""min_samples_leaf"": 20, ""max_iter"": 100, ""max_depth"": 6, ""learning_rate"": 0.05, ""l2_regularization"": 0.0}"
HistGradientBoosting,3,high,True,2,36,0.9546870027131531,0.96375,0.4236574454366541,"{""min_samples_leaf"": 40, ""max_iter"": 50, ""max_depth"": 3, ""learning_rate"": 0.05, ""l2_regularization"": 1.0}"
HonestRF,3,low,True,13,16,0.9515638581517386,0.94375,0.08279810092555052,"{""n_estimators"": 200, ""min_samples_leaf"": 20, ""max_depth"": null, ""honest_fraction"": 0.4}"
HonestRF,3,high,True,4,16,0.9506240134854669,0.95375,0.42368973573530533,"{""n_estimators"": 200, ""min_samples_leaf"": 80, ""max_depth"": 6, ""honest_fraction"": 0.4}"
RandomForest,4,low,True,13,24,0.9690627870160181,0.9625,0.08176649049308865,"{""n_estimators"": 200, ""min_samples_split"": 2, ""min_samples_leaf"": 50, ""max_depth"": null}"
RandomForest,4,high,True,2,24,0.9512491112943716,0.95625,0.3589361360886322,"{""n_estimators"": 200, ""min_samples_split"": 10, ""min_samples_leaf"": 120, ""max_depth"": 12}"
ExtraTrees,4,low,True,16,16,0.9903134749752803,0.98625,0.08745535939054278,"{""n_estimators"": 200, ""min_samples_split"": 10, ""min_samples_leaf"": 9, ""max_depth"": 12}"
ExtraTrees,4,high,True,16,16,0.9590615151339316,0.96375,0.36845148503038716,"{""n_estimators"": 200, ""min_samples_split"": 10, ""min_samples_leaf"": 9, ""max_depth"": 6}"
GradientBoosting,4,low,True,12,40,0.9509355366785591,0.95125,0.17269088447375178,"{""subsample"": 0.8, ""n_estimators"": 30, ""min_samples_leaf"": 20, ""max_depth"": 5, ""learning_rate"": 0.1}"
GradientBoosting,4,high,True,8,40,0.9521863184171457,0.96375,0.3625710976411871,"{""subsample"": 1.0, ""n_estimators"": 30, ""min_samples_leaf"": 40, ""max_depth"": 3, ""learning_rate"": 0.1}"
HistGradientBoosting,4,low,True,10,36,0.9534362209745665,0.9525,0.10351081620004349,"{""min_samples_leaf"": 40, ""max_iter"": 100, ""max_depth"": null, ""learning_rate"": 0.05, ""l2_regularization"": 0.0}"
HistGradientBoosting,4,high,True,1,36,0.9568735262725707,0.9625,0.36742978101042056,"{""min_samples_leaf"": 20, ""max_iter"": 50, ""max_depth"": 3, ""learning_rate"": 0.05, ""l2_regularization"": 1.0}"
HonestRF,4,low,True,10,16,0.9503127833527633,0.95,0.0778263903164871,"{""n_estimators"": 200, ""min_samples_leaf"": 20, ""max_depth"": null, ""honest_fraction"": 0.4}"
HonestRF,4,high,True,2,16,0.952497841610238,0.95625,0.3527339181720779,"{""n_estimators"": 200, ""min_samples_leaf"": 80, ""max_depth"": 6, ""honest_fraction"": 0.4}"
